ISO-10303-21;
HEADER;
FILE_DESCRIPTION (( 'STEP AP214' ),
    '1' );
FILE_NAME ('CUI_DEVICES_PJ-202BH.step',
    '2019-10-20T23:33:20',
    ( '' ),
    ( '' ),
    'SwSTEP 2.0',
    'SolidWorks 2019',
    '' );
FILE_SCHEMA (( 'AUTOMOTIVE_DESIGN' ));
ENDSEC;

DATA;
#1 = VERTEX_POINT ( 'NONE', #100 ) ;
#2 = LENGTH_MEASURE_WITH_UNIT ( LENGTH_MEASURE( 0.02539999999999999897 ), #2061 );
#3 = CARTESIAN_POINT ( 'NONE',  ( -0.5314960629921260393, -0.1574803149606298913, -0.1771653543307086798 ) ) ;
#4 = CARTESIAN_POINT ( 'NONE',  ( -0.04724409448818899654, 0.0000000000000000000, 0.0000000000000000000 ) ) ;
#5 = LENGTH_MEASURE_WITH_UNIT ( LENGTH_MEASURE( 0.02539999999999999897 ), #2077 );
#6 = EDGE_CURVE ( 'NONE', #2557, #904, #1019, .T. ) ;
#7 = CARTESIAN_POINT ( 'NONE',  ( -0.5669291338582678197, -0.1574803149606298913, 0.1771653543307089296 ) ) ;
#8 = DIMENSIONAL_EXPONENTS ( 1.000000000000000000, 0.0000000000000000000, 0.0000000000000000000, 0.0000000000000000000, 0.0000000000000000000, 0.0000000000000000000, 0.0000000000000000000 ) ;
#9 = EDGE_CURVE ( 'NONE', #1208, #2625, #1489, .T. ) ;
#10 =( NAMED_UNIT ( * ) SI_UNIT ( $, .STERADIAN. ) SOLID_ANGLE_UNIT ( ) );
#11 = ORIENTED_EDGE ( 'NONE', *, *, #2893, .T. ) ;
#12 = AXIS2_PLACEMENT_3D ( 'NONE', #436, #2490, #2043 ) ;
#13 = ORIENTED_EDGE ( 'NONE', *, *, #2368, .T. ) ;
#14 = VECTOR ( 'NONE', #801, 39.37007874015748143 ) ;
#15 = CARTESIAN_POINT ( 'NONE',  ( -0.5274080032405269458, -0.3787481930270366060, -0.04704481491880440486 ) ) ;
#16 = VECTOR ( 'NONE', #2844, 39.37007874015748143 ) ;
#17 =( LENGTH_UNIT ( ) NAMED_UNIT ( * ) SI_UNIT ( $, .METRE. ) );
#18 =( GEOMETRIC_REPRESENTATION_CONTEXT ( 3 ) GLOBAL_UNCERTAINTY_ASSIGNED_CONTEXT ( ( #1029 ) ) GLOBAL_UNIT_ASSIGNED_CONTEXT ( ( #1881, #318, #1645 ) ) REPRESENTATION_CONTEXT ( 'NONE', 'WORKASPACE' ) );
#19 = LINE ( 'NONE', #212, #1057 ) ;
#20 = STYLED_ITEM ( 'NONE', ( #2934 ), #1843 ) ;
#21 = PRESENTATION_LAYER_ASSIGNMENT (  '', '', ( #1768 ) ) ;
#22 = CIRCLE ( 'NONE', #1917, 0.04133858267716535029 ) ;
#23 = PLANE ( 'NONE',  #631 ) ;
#24 =( NAMED_UNIT ( * ) PLANE_ANGLE_UNIT ( ) SI_UNIT ( $, .RADIAN. ) );
#25 = CARTESIAN_POINT ( 'NONE',  ( -0.09842519685039370636, 0.1102362204724409572, -0.1771653543307084022 ) ) ;
#26 = CARTESIAN_POINT ( 'NONE',  ( -0.3567805331810624536, -0.3518712793403370176, 0.04865562475641743712 ) ) ;
#27 = ORIENTED_EDGE ( 'NONE', *, *, #1036, .F. ) ;
#28 = MECHANICAL_DESIGN_GEOMETRIC_PRESENTATION_REPRESENTATION (  '', ( #284 ), #2792 ) ;
#29 = ADVANCED_FACE ( 'NONE', ( #791 ), #1439, .F. ) ;
#30 = DIMENSIONAL_EXPONENTS ( 1.000000000000000000, 0.0000000000000000000, 0.0000000000000000000, 0.0000000000000000000, 0.0000000000000000000, 0.0000000000000000000, 0.0000000000000000000 ) ;
#31 = AXIS2_PLACEMENT_3D ( 'NONE', #4, #210, #1813 ) ;
#32 = FILL_AREA_STYLE ('',( #338 ) ) ;
#33 = CARTESIAN_POINT ( 'NONE',  ( -0.5314960629921260393, -0.1574803149606298913, 0.05905511811023622659 ) ) ;
#34 = ORIENTED_EDGE ( 'NONE', *, *, #2724, .F. ) ;
#35 = CARTESIAN_POINT ( 'NONE',  ( -0.5314960629921260393, -0.3152657504332823657, 0.05905511811023622659 ) ) ;
#36 =( NAMED_UNIT ( * ) PLANE_ANGLE_UNIT ( ) SI_UNIT ( $, .RADIAN. ) );
#37 = FILL_AREA_STYLE_COLOUR ( '', #1721 ) ;
#38 = CARTESIAN_POINT ( 'NONE',  ( -0.5078740157480314821, -0.3543307086614174151, 0.05567769930602737422 ) ) ;
#39 =( CONVERSION_BASED_UNIT ( 'INCH', #530 ) LENGTH_UNIT ( ) NAMED_UNIT ( #2460 ) );
#40 = CARTESIAN_POINT ( 'NONE',  ( -0.5669291338582678197, -0.2559055118110236671, -0.1771653543307087630 ) ) ;
#41 =( NAMED_UNIT ( * ) PLANE_ANGLE_UNIT ( ) SI_UNIT ( $, .RADIAN. ) );
#42 = EDGE_CURVE ( 'NONE', #1455, #1324, #1050, .T. ) ;
#43 = LENGTH_MEASURE_WITH_UNIT ( LENGTH_MEASURE( 0.02539999999999999897 ), #1683 );
#44 = ORIENTED_EDGE ( 'NONE', *, *, #981, .F. ) ;
#45 = ADVANCED_FACE ( 'NONE', ( #1794 ), #124, .F. ) ;
#46 = LINE ( 'NONE', #1703, #2012 ) ;
#47 = UNCERTAINTY_MEASURE_WITH_UNIT (LENGTH_MEASURE( 1.000000000000000082E-05 ), #1466, 'distance_accuracy_value', 'NONE');
#48 = LINE ( 'NONE', #1706, #1906 ) ;
#49 = SURFACE_STYLE_FILL_AREA ( #2116 ) ;
#50 = EDGE_CURVE ( 'NONE', #1709, #2025, #2229, .T. ) ;
#51 = DIRECTION ( 'NONE',  ( 0.0000000000000000000, 1.000000000000000000, 1.927470528863119049E-16 ) ) ;
#52 = VERTEX_POINT ( 'NONE', #1078 ) ;
#53 = DIRECTION ( 'NONE',  ( 1.000000000000000000, 0.0000000000000000000, 0.0000000000000000000 ) ) ;
#54 = VERTEX_POINT ( 'NONE', #1529 ) ;
#55 = CARTESIAN_POINT ( 'NONE',  ( -0.4704724409448819422, -0.3444881889763780070, -0.1929133858267720603 ) ) ;
#56 = DIRECTION ( 'NONE',  ( 0.0000000000000000000, 0.0000000000000000000, -1.000000000000000000 ) ) ;
#57 = FILL_AREA_STYLE_COLOUR ( '', #635 ) ;
#58 =( NAMED_UNIT ( * ) SI_UNIT ( $, .STERADIAN. ) SOLID_ANGLE_UNIT ( ) );
#59 = DIRECTION ( 'NONE',  ( -0.0000000000000000000, -0.0000000000000000000, -1.000000000000000000 ) ) ;
#60 = SURFACE_STYLE_USAGE ( .BOTH. , #2556 ) ;
#61 = EDGE_LOOP ( 'NONE', ( #590, #1838, #1269, #647 ) ) ;
#62 =( BOUNDED_CURVE ( )  B_SPLINE_CURVE ( 3, ( #1159, #2069, #2936, #455 ),
 .UNSPECIFIED., .F., .T. ) 
 B_SPLINE_CURVE_WITH_KNOTS ( ( 4, 4 ),
 ( 1.369438406004565900, 1.570796326794896558 ),
 .UNSPECIFIED. ) 
 CURVE ( )  GEOMETRIC_REPRESENTATION_ITEM ( )  RATIONAL_B_SPLINE_CURVE ( ( 1.000000000000000000, 0.9966241020034161124, 0.9966241020034161124, 1.000000000000000000 ) ) 
 REPRESENTATION_ITEM ( '' )  );
#63 = LINE ( 'NONE', #2577, #953 ) ;
#64 = ORIENTED_EDGE ( 'NONE', *, *, #826, .T. ) ;
#65 = CARTESIAN_POINT ( 'NONE',  ( -0.03937007874015747977, 0.1102362204724409017, 0.1181102362204721895 ) ) ;
#66 =( LENGTH_UNIT ( ) NAMED_UNIT ( * ) SI_UNIT ( $, .METRE. ) );
#67 = SURFACE_SIDE_STYLE ('',( #343 ) ) ;
#68 = LINE ( 'NONE', #978, #2513 ) ;
#69 = ORIENTED_EDGE ( 'NONE', *, *, #1876, .F. ) ;
#70 = DIRECTION ( 'NONE',  ( 0.0000000000000000000, 0.0000000000000000000, -1.000000000000000000 ) ) ;
#71 = EDGE_CURVE ( 'NONE', #1432, #2616, #2443, .T. ) ;
#72 = MECHANICAL_DESIGN_GEOMETRIC_PRESENTATION_REPRESENTATION (  '', ( #134 ), #86 ) ;
#73 = ORIENTED_EDGE ( 'NONE', *, *, #50, .F. ) ;
#74 = DIRECTION ( 'NONE',  ( 1.000000000000000000, 0.0000000000000000000, 0.0000000000000000000 ) ) ;
#75 = LINE ( 'NONE', #311, #2834 ) ;
#76 =( GEOMETRIC_REPRESENTATION_CONTEXT ( 3 ) GLOBAL_UNCERTAINTY_ASSIGNED_CONTEXT ( ( #2675 ) ) GLOBAL_UNIT_ASSIGNED_CONTEXT ( ( #1999, #1726, #1546 ) ) REPRESENTATION_CONTEXT ( 'NONE', 'WORKASPACE' ) );
#77 = AXIS2_PLACEMENT_3D ( 'NONE', #2189, #2074, #1600 ) ;
#78 = SURFACE_STYLE_FILL_AREA ( #2140 ) ;
#79 = DIRECTION ( 'NONE',  ( 0.0000000000000000000, 1.000000000000000000, 0.0000000000000000000 ) ) ;
#80 = CARTESIAN_POINT ( 'NONE',  ( -0.3537246472835281486, -0.3494265706223095291, -0.04902658917151055812 ) ) ;
#81 = VECTOR ( 'NONE', #2416, 39.37007874015748143 ) ;
#82 = AXIS2_PLACEMENT_3D ( 'NONE', #217, #431, #701 ) ;
#83 =( NAMED_UNIT ( * ) PLANE_ANGLE_UNIT ( ) SI_UNIT ( $, .RADIAN. ) );
#84 = ORIENTED_EDGE ( 'NONE', *, *, #388, .T. ) ;
#85 = MECHANICAL_DESIGN_GEOMETRIC_PRESENTATION_REPRESENTATION (  '', ( #2656 ), #636 ) ;
#86 =( GEOMETRIC_REPRESENTATION_CONTEXT ( 3 ) GLOBAL_UNCERTAINTY_ASSIGNED_CONTEXT ( ( #177 ) ) GLOBAL_UNIT_ASSIGNED_CONTEXT ( ( #1933, #1697, #1493 ) ) REPRESENTATION_CONTEXT ( 'NONE', 'WORKASPACE' ) );
#87 = FACE_OUTER_BOUND ( 'NONE', #2722, .T. ) ;
#88 = PRESENTATION_STYLE_ASSIGNMENT (( #990 ) ) ;
#89 = STYLED_ITEM ( 'NONE', ( #2117 ), #2329 ) ;
#90 = ADVANCED_FACE ( 'NONE', ( #1986 ), #2866, .F. ) ;
#91 = VERTEX_POINT ( 'NONE', #1150 ) ;
#92 = UNCERTAINTY_MEASURE_WITH_UNIT (LENGTH_MEASURE( 1.000000000000000082E-05 ), #211, 'distance_accuracy_value', 'NONE');
#93 = MECHANICAL_DESIGN_GEOMETRIC_PRESENTATION_REPRESENTATION (  '', ( #2742 ), #867 ) ;
#94 =( LENGTH_UNIT ( ) NAMED_UNIT ( * ) SI_UNIT ( $, .METRE. ) );
#95 = SURFACE_STYLE_FILL_AREA ( #2794 ) ;
#96 = SURFACE_STYLE_USAGE ( .BOTH. , #67 ) ;
#97 = SURFACE_STYLE_USAGE ( .BOTH. , #1467 ) ;
#98 = ORIENTED_EDGE ( 'NONE', *, *, #280, .F. ) ;
#99 =( GEOMETRIC_REPRESENTATION_CONTEXT ( 3 ) GLOBAL_UNCERTAINTY_ASSIGNED_CONTEXT ( ( #988 ) ) GLOBAL_UNIT_ASSIGNED_CONTEXT ( ( #2304, #83, #1879 ) ) REPRESENTATION_CONTEXT ( 'NONE', 'WORKASPACE' ) );
#100 = CARTESIAN_POINT ( 'NONE',  ( -0.3110236220472440416, -0.3152657504332821436, 0.04921259842519684624 ) ) ;
#101 = FACE_OUTER_BOUND ( 'NONE', #1084, .T. ) ;
#102 = ADVANCED_FACE ( 'NONE', ( #2270 ), #222, .F. ) ;
#103 = CARTESIAN_POINT ( 'NONE',  ( -0.5314960629921260393, -0.2559055118110236671, -0.05905511811023622659 ) ) ;
#104 = SURFACE_STYLE_FILL_AREA ( #812 ) ;
#105 = EDGE_CURVE ( 'NONE', #239, #1470, #2727, .T. ) ;
#106 = ORIENTED_EDGE ( 'NONE', *, *, #2608, .T. ) ;
#107 = LENGTH_MEASURE_WITH_UNIT ( LENGTH_MEASURE( 0.02539999999999999897 ), #2318 );
#108 =( NAMED_UNIT ( * ) PLANE_ANGLE_UNIT ( ) SI_UNIT ( $, .RADIAN. ) );
#109 = ORIENTED_EDGE ( 'NONE', *, *, #286, .F. ) ;
#110 = SURFACE_STYLE_USAGE ( .BOTH. , #2579 ) ;
#111 = CARTESIAN_POINT ( 'NONE',  ( -0.2975766571015471262, -0.4258761244397310519, 0.03742599896340875060 ) ) ;
#112 = ORIENTED_EDGE ( 'NONE', *, *, #2294, .T. ) ;
#113 = SURFACE_SIDE_STYLE ('',( #2174 ) ) ;
#114 = SURFACE_STYLE_USAGE ( .BOTH. , #347 ) ;
#115 = CARTESIAN_POINT ( 'NONE',  ( -0.03937007874015747977, 0.1102362204724409572, -0.1771653543307084022 ) ) ;
#116 = PRESENTATION_STYLE_ASSIGNMENT (( #2574 ) ) ;
#117 = ORIENTED_EDGE ( 'NONE', *, *, #2251, .F. ) ;
#118 = EDGE_CURVE ( 'NONE', #239, #998, #196, .T. ) ;
#119 = FILL_AREA_STYLE ('',( #2875 ) ) ;
#120 = ORIENTED_EDGE ( 'NONE', *, *, #1936, .F. ) ;
#121 = UNCERTAINTY_MEASURE_WITH_UNIT (LENGTH_MEASURE( 1.000000000000000082E-05 ), #1168, 'distance_accuracy_value', 'NONE');
#122 = CARTESIAN_POINT ( 'NONE',  ( -0.4212598425196850127, -0.3444881889763780070, -0.1771653543307083745 ) ) ;
#123 = VERTEX_POINT ( 'NONE', #2942 ) ;
#124 = PLANE ( 'NONE',  #2458 ) ;
#125 = FILL_AREA_STYLE_COLOUR ( '', #2095 ) ;
#126 =( GEOMETRIC_REPRESENTATION_CONTEXT ( 3 ) GLOBAL_UNCERTAINTY_ASSIGNED_CONTEXT ( ( #2169 ) ) GLOBAL_UNIT_ASSIGNED_CONTEXT ( ( #2853, #2627, #1515 ) ) REPRESENTATION_CONTEXT ( 'NONE', 'WORKASPACE' ) );
#127 = COLOUR_RGB ( '',0.7450980392156862919, 0.7450980392156862919, 0.7450980392156862919 ) ;
#128 = CARTESIAN_POINT ( 'NONE',  ( -0.5072711644195556646, -0.3346456692913385988, 0.05905511811023622659 ) ) ;
#129 = SURFACE_STYLE_USAGE ( .BOTH. , #2141 ) ;
#130 = SURFACE_SIDE_STYLE ('',( #1905 ) ) ;
#131 =( GEOMETRIC_REPRESENTATION_CONTEXT ( 3 ) GLOBAL_UNCERTAINTY_ASSIGNED_CONTEXT ( ( #2817 ) ) GLOBAL_UNIT_ASSIGNED_CONTEXT ( ( #1551, #1760, #2862 ) ) REPRESENTATION_CONTEXT ( 'NONE', 'WORKASPACE' ) );
#132 = COLOUR_RGB ( '',0.7450980392156862919, 0.7450980392156862919, 0.7450980392156862919 ) ;
#133 = EDGE_LOOP ( 'NONE', ( #2634, #2459, #866, #2636, #2590, #1693, #927, #201, #2691, #352, #2453, #2038 ) ) ;
#134 = STYLED_ITEM ( 'NONE', ( #1204 ), #943 ) ;
#135 = EDGE_LOOP ( 'NONE', ( #2448, #357, #1788, #1958, #520, #445 ) ) ;
#136 = SURFACE_STYLE_FILL_AREA ( #621 ) ;
#137 =( NAMED_UNIT ( * ) SI_UNIT ( $, .STERADIAN. ) SOLID_ANGLE_UNIT ( ) );
#138 = EDGE_LOOP ( 'NONE', ( #1942, #2772, #98, #2182, #1926, #1553 ) ) ;
#139 = EDGE_CURVE ( 'NONE', #1, #1386, #1408, .T. ) ;
#140 =( LENGTH_UNIT ( ) NAMED_UNIT ( * ) SI_UNIT ( $, .METRE. ) );
#141 = PRESENTATION_STYLE_ASSIGNMENT (( #1277 ) ) ;
#142 = CARTESIAN_POINT ( 'NONE',  ( -0.09842519685039370636, 0.1692913385826771422, 0.1181102362204722034 ) ) ;
#143 = DIRECTION ( 'NONE',  ( -0.0000000000000000000, -0.0000000000000000000, -1.000000000000000000 ) ) ;
#144 = CARTESIAN_POINT ( 'NONE',  ( -0.5314960629921260393, -0.1574803149606298913, -0.05905511811023622659 ) ) ;
#145 = PRESENTATION_STYLE_ASSIGNMENT (( #1989 ) ) ;
#146 = FILL_AREA_STYLE ('',( #798 ) ) ;
#147 = ORIENTED_EDGE ( 'NONE', *, *, #2710, .F. ) ;
#148 = UNCERTAINTY_MEASURE_WITH_UNIT (LENGTH_MEASURE( 1.000000000000000082E-05 ), #549, 'distance_accuracy_value', 'NONE');
#149 = EDGE_CURVE ( 'NONE', #1610, #2392, #1119, .T. ) ;
#150 = SURFACE_SIDE_STYLE ('',( #1982 ) ) ;
#151 = PLANE ( 'NONE',  #1575 ) ;
#152 = DIRECTION ( 'NONE',  ( 0.0000000000000000000, 1.000000000000000000, 9.637352644315595243E-17 ) ) ;
#153 = ORIENTED_EDGE ( 'NONE', *, *, #1379, .F. ) ;
#154 = EDGE_CURVE ( 'NONE', #2380, #2567, #1597, .T. ) ;
#155 = PLANE ( 'NONE',  #714 ) ;
#156 = SURFACE_STYLE_USAGE ( .BOTH. , #1090 ) ;
#157 = CARTESIAN_POINT ( 'NONE',  ( -0.5472440944881890035, 0.06692913385826773642, 0.05905511811023622659 ) ) ;
#158 =( NAMED_UNIT ( * ) PLANE_ANGLE_UNIT ( ) SI_UNIT ( $, .RADIAN. ) );
#159 = DIRECTION ( 'NONE',  ( -0.0000000000000000000, -1.000000000000000000, -0.0000000000000000000 ) ) ;
#160 = DIRECTION ( 'NONE',  ( 0.0000000000000000000, 0.0000000000000000000, 1.000000000000000000 ) ) ;
#161 = DIRECTION ( 'NONE',  ( 0.0000000000000000000, 0.0000000000000000000, -1.000000000000000000 ) ) ;
#162 = ORIENTED_EDGE ( 'NONE', *, *, #1410, .T. ) ;
#163 = DIRECTION ( 'NONE',  ( -1.000000000000000000, 0.0000000000000000000, 0.0000000000000000000 ) ) ;
#164 = FILL_AREA_STYLE_COLOUR ( '', #1383 ) ;
#165 = ORIENTED_EDGE ( 'NONE', *, *, #1356, .T. ) ;
#166 = CARTESIAN_POINT ( 'NONE',  ( -0.5314960629921260393, -0.3152657504332823657, -0.05905511811023622659 ) ) ;
#167 = PLANE ( 'NONE',  #229 ) ;
#168 = CARTESIAN_POINT ( 'NONE',  ( 0.0000000000000000000, -0.2559055118110236671, 0.1771653543307089296 ) ) ;
#169 = VECTOR ( 'NONE', #1944, 39.37007874015748143 ) ;
#170 = EDGE_CURVE ( 'NONE', #2135, #2876, #1045, .T. ) ;
#171 = VECTOR ( 'NONE', #2030, 39.37007874015748143 ) ;
#172 = DIRECTION ( 'NONE',  ( 0.0000000000000000000, 0.0000000000000000000, 1.000000000000000000 ) ) ;
#173 = VECTOR ( 'NONE', #931, 39.37007874015748854 ) ;
#174 = COLOUR_RGB ( '',0.7450980392156862919, 0.7450980392156862919, 0.7450980392156862919 ) ;
#175 = PRESENTATION_LAYER_ASSIGNMENT (  '', '', ( #2087 ) ) ;
#176 = ORIENTED_EDGE ( 'NONE', *, *, #1149, .T. ) ;
#177 = UNCERTAINTY_MEASURE_WITH_UNIT (LENGTH_MEASURE( 1.000000000000000082E-05 ), #1933, 'distance_accuracy_value', 'NONE');
#178 = COLOUR_RGB ( '',0.7450980392156862919, 0.7450980392156862919, 0.7450980392156862919 ) ;
#179 = CARTESIAN_POINT ( 'NONE',  ( -0.2952755905511810774, -0.3228346456692913202, 0.05905511811023622659 ) ) ;
#180 = LENGTH_MEASURE_WITH_UNIT ( LENGTH_MEASURE( 0.02539999999999999897 ), #415 );
#181 = EDGE_CURVE ( 'NONE', #2463, #1496, #2295, .T. ) ;
#182 = DIRECTION ( 'NONE',  ( -1.000000000000000000, 0.0000000000000000000, 0.0000000000000000000 ) ) ;
#183 = ORIENTED_EDGE ( 'NONE', *, *, #402, .T. ) ;
#184 = CIRCLE ( 'NONE', #484, 0.1279527559055118335 ) ;
#185 =( GEOMETRIC_REPRESENTATION_CONTEXT ( 3 ) GLOBAL_UNCERTAINTY_ASSIGNED_CONTEXT ( ( #121 ) ) GLOBAL_UNIT_ASSIGNED_CONTEXT ( ( #1168, #912, #1831 ) ) REPRESENTATION_CONTEXT ( 'NONE', 'WORKASPACE' ) );
#186 = CARTESIAN_POINT ( 'NONE',  ( -0.5669291338582678197, 0.1771653543307086243, 0.1771653543307087075 ) ) ;
#187 = CARTESIAN_POINT ( 'NONE',  ( -0.3537246472835281486, -0.3494265706223095291, 0.04902658917151055812 ) ) ;
#188 = VECTOR ( 'NONE', #888, 39.37007874015748143 ) ;
#189 = FACE_OUTER_BOUND ( 'NONE', #2269, .T. ) ;
#190 = EDGE_CURVE ( 'NONE', #2639, #889, #1825, .T. ) ;
#191 = FILL_AREA_STYLE ('',( #1098 ) ) ;
#192 =( GEOMETRIC_REPRESENTATION_CONTEXT ( 3 ) GLOBAL_UNCERTAINTY_ASSIGNED_CONTEXT ( ( #2788 ) ) GLOBAL_UNIT_ASSIGNED_CONTEXT ( ( #2187, #527, #2582 ) ) REPRESENTATION_CONTEXT ( 'NONE', 'WORKASPACE' ) );
#193 = ORIENTED_EDGE ( 'NONE', *, *, #381, .F. ) ;
#194 = CARTESIAN_POINT ( 'NONE',  ( -0.2806524184476940631, -0.4218222722159730154, 0.03444164430235061719 ) ) ;
#195 = ORIENTED_EDGE ( 'NONE', *, *, #181, .T. ) ;
#196 = LINE ( 'NONE', #449, #2645 ) ;
#197 =( NAMED_UNIT ( * ) SI_UNIT ( $, .STERADIAN. ) SOLID_ANGLE_UNIT ( ) );
#198 =( NAMED_UNIT ( * ) PLANE_ANGLE_UNIT ( ) SI_UNIT ( $, .RADIAN. ) );
#199 = LINE ( 'NONE', #2233, #1100 ) ;
#200 = FACE_OUTER_BOUND ( 'NONE', #1952, .T. ) ;
#201 = ORIENTED_EDGE ( 'NONE', *, *, #6, .T. ) ;
#202 = ADVANCED_FACE ( 'NONE', ( #1630 ), #254, .F. ) ;
#203 = DIRECTION ( 'NONE',  ( -1.000000000000000000, -0.0000000000000000000, -0.0000000000000000000 ) ) ;
#204 = CARTESIAN_POINT ( 'NONE',  ( -0.3110236220472440416, -0.3152657504332821436, -0.04921259842519683236 ) ) ;
#205 = ORIENTED_EDGE ( 'NONE', *, *, #1169, .T. ) ;
#206 = DIRECTION ( 'NONE',  ( 0.0000000000000000000, -1.000000000000000000, 5.519574696289841831E-16 ) ) ;
#207 = DIMENSIONAL_EXPONENTS ( 1.000000000000000000, 0.0000000000000000000, 0.0000000000000000000, 0.0000000000000000000, 0.0000000000000000000, 0.0000000000000000000, 0.0000000000000000000 ) ;
#208 = CARTESIAN_POINT ( 'NONE',  ( -0.5314960629921260393, -0.1574803149606298913, 0.1771653543307089296 ) ) ;
#209 = LINE ( 'NONE', #2281, #435 ) ;
#210 = DIRECTION ( 'NONE',  ( -1.000000000000000000, 0.0000000000000000000, 0.0000000000000000000 ) ) ;
#211 =( CONVERSION_BASED_UNIT ( 'INCH', #1111 ) LENGTH_UNIT ( ) NAMED_UNIT ( #511 ) );
#212 = CARTESIAN_POINT ( 'NONE',  ( -0.09842519685039370636, 0.1102362204724409017, 0.1771653543307084022 ) ) ;
#213 =( NAMED_UNIT ( * ) SI_UNIT ( $, .STERADIAN. ) SOLID_ANGLE_UNIT ( ) );
#214 =( CONVERSION_BASED_UNIT ( 'INCH', #2287 ) LENGTH_UNIT ( ) NAMED_UNIT ( #2088 ) );
#215 = ORIENTED_EDGE ( 'NONE', *, *, #2698, .T. ) ;
#216 = CIRCLE ( 'NONE', #1569, 0.04921259842519685318 ) ;
#217 = CARTESIAN_POINT ( 'NONE',  ( -0.3720472440944881942, -0.1535433070866141780, -0.1771653543307090406 ) ) ;
#218 = ORIENTED_EDGE ( 'NONE', *, *, #2486, .F. ) ;
#219 = MECHANICAL_DESIGN_GEOMETRIC_PRESENTATION_REPRESENTATION (  '', ( #2783 ), #996 ) ;
#220 = AXIS2_PLACEMENT_3D ( 'NONE', #646, #2903, #409 ) ;
#221 = STYLED_ITEM ( 'NONE', ( #116 ), #1552 ) ;
#222 = PLANE ( 'NONE',  #2323 ) ;
#223 = CARTESIAN_POINT ( 'NONE',  ( -0.03937007874015747977, 0.1692913385826771422, 0.1181102362204722034 ) ) ;
#224 = VECTOR ( 'NONE', #2390, 39.37007874015748143 ) ;
#225 = EDGE_CURVE ( 'NONE', #2839, #2616, #48, .T. ) ;
#226 = CARTESIAN_POINT ( 'NONE',  ( 0.0000000000000000000, 0.0000000000000000000, 0.0000000000000000000 ) ) ;
#227 = LINE ( 'NONE', #1642, #2009 ) ;
#228 = PLANE ( 'NONE',  #1874 ) ;
#229 = AXIS2_PLACEMENT_3D ( 'NONE', #2208, #2414, #373 ) ;
#230 = PRESENTATION_LAYER_ASSIGNMENT (  '', '', ( #2932 ) ) ;
#231 = DIRECTION ( 'NONE',  ( 0.0000000000000000000, 0.0000000000000000000, -1.000000000000000000 ) ) ;
#232 = CARTESIAN_POINT ( 'NONE',  ( -0.5314960629921260393, -0.1574803149606298913, 0.1771653543307089296 ) ) ;
#233 = VECTOR ( 'NONE', #1345, 39.37007874015748143 ) ;
#234 = DIMENSIONAL_EXPONENTS ( 1.000000000000000000, 0.0000000000000000000, 0.0000000000000000000, 0.0000000000000000000, 0.0000000000000000000, 0.0000000000000000000, 0.0000000000000000000 ) ;
#235 = AXIS2_PLACEMENT_3D ( 'NONE', #2744, #2365, #519 ) ;
#236 = CARTESIAN_POINT ( 'NONE',  ( -0.5393700787401576324, -0.3937007874015748254, 0.0000000000000000000 ) ) ;
#237 = SURFACE_STYLE_USAGE ( .BOTH. , #1878 ) ;
#238 = CARTESIAN_POINT ( 'NONE',  ( -0.5669291338582678197, 0.1771653543307086798, -0.1771653543307086243 ) ) ;
#239 = VERTEX_POINT ( 'NONE', #1239 ) ;
#240 = ORIENTED_EDGE ( 'NONE', *, *, #2868, .F. ) ;
#241 = SURFACE_STYLE_USAGE ( .BOTH. , #678 ) ;
#242 = FILL_AREA_STYLE ('',( #477 ) ) ;
#243 = CARTESIAN_POINT ( 'NONE',  ( -0.5472440944881890035, -0.1574803149606298913, 0.05905511811023622659 ) ) ;
#244 = FACE_BOUND ( 'NONE', #962, .T. ) ;
#245 = EDGE_CURVE ( 'NONE', #1223, #1496, #2387, .T. ) ;
#246 = CARTESIAN_POINT ( 'NONE',  ( -0.2952755905511810774, -0.2559055118110236671, 0.05905511811023622659 ) ) ;
#247 = DIRECTION ( 'NONE',  ( 0.6246950475544247317, 0.7808688094430299431, 0.0000000000000000000 ) ) ;
#248 = DIRECTION ( 'NONE',  ( -1.000000000000000000, -0.0000000000000000000, -0.0000000000000000000 ) ) ;
#249 = CARTESIAN_POINT ( 'NONE',  ( -0.03937007874015747977, 0.1102362204724409017, 0.1771653543307084022 ) ) ;
#250 = ORIENTED_EDGE ( 'NONE', *, *, #2082, .T. ) ;
#251 = DIMENSIONAL_EXPONENTS ( 1.000000000000000000, 0.0000000000000000000, 0.0000000000000000000, 0.0000000000000000000, 0.0000000000000000000, 0.0000000000000000000, 0.0000000000000000000 ) ;
#252 = CARTESIAN_POINT ( 'NONE',  ( -0.2755905511811023723, 1.566969329617676785E-17, 0.1279527559055118335 ) ) ;
#253 = VERTEX_POINT ( 'NONE', #570 ) ;
#254 = PLANE ( 'NONE',  #1238 ) ;
#255 = DIRECTION ( 'NONE',  ( 1.000000000000000000, 0.0000000000000000000, 0.0000000000000000000 ) ) ;
#256 = PRESENTATION_STYLE_ASSIGNMENT (( #1180 ) ) ;
#257 = CARTESIAN_POINT ( 'NONE',  ( -0.03937007874015747977, 0.1102362204724409017, 0.1181102362204721895 ) ) ;
#258 = EDGE_CURVE ( 'NONE', #595, #2529, #1938, .T. ) ;
#259 = FILL_AREA_STYLE_COLOUR ( '', #2282 ) ;
#260 = SURFACE_STYLE_USAGE ( .BOTH. , #2740 ) ;
#261 = EDGE_LOOP ( 'NONE', ( #1449, #1300, #1649, #106 ) ) ;
#262 = UNCERTAINTY_MEASURE_WITH_UNIT (LENGTH_MEASURE( 1.000000000000000082E-05 ), #1700, 'distance_accuracy_value', 'NONE');
#263 = PRESENTATION_LAYER_ASSIGNMENT (  '', '', ( #1806 ) ) ;
#264 =( NAMED_UNIT ( * ) PLANE_ANGLE_UNIT ( ) SI_UNIT ( $, .RADIAN. ) );
#265 = EDGE_LOOP ( 'NONE', ( #2518, #604 ) ) ;
#266 = STYLED_ITEM ( 'NONE', ( #446 ), #457 ) ;
#267 = EDGE_CURVE ( 'NONE', #91, #758, #1896, .T. ) ;
#268 = PRESENTATION_STYLE_ASSIGNMENT (( #2760 ) ) ;
#269 = DIMENSIONAL_EXPONENTS ( 1.000000000000000000, 0.0000000000000000000, 0.0000000000000000000, 0.0000000000000000000, 0.0000000000000000000, 0.0000000000000000000, 0.0000000000000000000 ) ;
#270 = CARTESIAN_POINT ( 'NONE',  ( -0.5063681158248334313, -0.3776574842984942726, -0.04862358471571090468 ) ) ;
#271 = VECTOR ( 'NONE', #2296, 39.37007874015748143 ) ;
#272 = STYLED_ITEM ( 'NONE', ( #1897 ), #782 ) ;
#273 =( NAMED_UNIT ( * ) SI_UNIT ( $, .STERADIAN. ) SOLID_ANGLE_UNIT ( ) );
#274 =( GEOMETRIC_REPRESENTATION_CONTEXT ( 3 ) GLOBAL_UNCERTAINTY_ASSIGNED_CONTEXT ( ( #1115 ) ) GLOBAL_UNIT_ASSIGNED_CONTEXT ( ( #1857, #1403, #1158 ) ) REPRESENTATION_CONTEXT ( 'NONE', 'WORKASPACE' ) );
#275 = AXIS2_PLACEMENT_3D ( 'NONE', #2510, #955, #247 ) ;
#276 = FILL_AREA_STYLE ('',( #2175 ) ) ;
#277 = DIRECTION ( 'NONE',  ( 0.0000000000000000000, -1.927470528863119049E-16, 1.000000000000000000 ) ) ;
#278 = FILL_AREA_STYLE_COLOUR ( '', #330 ) ;
#279 = MECHANICAL_DESIGN_GEOMETRIC_PRESENTATION_REPRESENTATION (  '', ( #861 ), #2789 ) ;
#280 = EDGE_CURVE ( 'NONE', #1935, #1386, #305, .T. ) ;
#281 = SURFACE_STYLE_USAGE ( .BOTH. , #2812 ) ;
#282 = DIRECTION ( 'NONE',  ( 1.000000000000000000, 0.0000000000000000000, 0.0000000000000000000 ) ) ;
#283 = VERTEX_POINT ( 'NONE', #737 ) ;
#284 = STYLED_ITEM ( 'NONE', ( #398 ), #2667 ) ;
#285 =( BOUNDED_CURVE ( )  B_SPLINE_CURVE ( 3, ( #362, #1280, #2192, #1056 ),
 .UNSPECIFIED., .F., .T. ) 
 B_SPLINE_CURVE_WITH_KNOTS ( ( 4, 4 ),
 ( 1.369438406004565900, 1.570796326794896558 ),
 .UNSPECIFIED. ) 
 CURVE ( )  GEOMETRIC_REPRESENTATION_ITEM ( )  RATIONAL_B_SPLINE_CURVE ( ( 1.000000000000000000, 0.9966241020034161124, 0.9966241020034161124, 1.000000000000000000 ) ) 
 REPRESENTATION_ITEM ( '' )  );
#286 = EDGE_CURVE ( 'NONE', #1455, #1709, #1224, .T. ) ;
#287 =( LENGTH_UNIT ( ) NAMED_UNIT ( * ) SI_UNIT ( $, .METRE. ) );
#288 = CARTESIAN_POINT ( 'NONE',  ( 0.0000000000000000000, 0.1771653543307086243, 0.1771653543307087075 ) ) ;
#289 = VERTEX_POINT ( 'NONE', #1641 ) ;
#290 = DIRECTION ( 'NONE',  ( 1.000000000000000000, 0.0000000000000000000, 0.0000000000000000000 ) ) ;
#291 = LENGTH_MEASURE_WITH_UNIT ( LENGTH_MEASURE( 0.02539999999999999897 ), #1707 );
#292 = FILL_AREA_STYLE ('',( #524 ) ) ;
#293 = EDGE_LOOP ( 'NONE', ( #2797, #2277, #1775, #2351 ) ) ;
#294 = DIRECTION ( 'NONE',  ( 1.000000000000000000, 0.0000000000000000000, 3.469446951953614189E-16 ) ) ;
#295 = ORIENTED_EDGE ( 'NONE', *, *, #170, .F. ) ;
#296 = DIRECTION ( 'NONE',  ( 0.0000000000000000000, -1.000000000000000000, -2.891205793294676847E-16 ) ) ;
#297 = CARTESIAN_POINT ( 'NONE',  ( -0.04724409448818899654, 0.0000000000000000000, 0.04921259842519686012 ) ) ;
#298 =( NAMED_UNIT ( * ) SI_UNIT ( $, .STERADIAN. ) SOLID_ANGLE_UNIT ( ) );
#299 = FILL_AREA_STYLE ('',( #2753 ) ) ;
#300 = ORIENTED_EDGE ( 'NONE', *, *, #349, .F. ) ;
#301 =( NAMED_UNIT ( * ) PLANE_ANGLE_UNIT ( ) SI_UNIT ( $, .RADIAN. ) );
#302 = ORIENTED_EDGE ( 'NONE', *, *, #1161, .T. ) ;
#303 = UNCERTAINTY_MEASURE_WITH_UNIT (LENGTH_MEASURE( 1.000000000000000082E-05 ), #1589, 'distance_accuracy_value', 'NONE');
#304 = ADVANCED_FACE ( 'NONE', ( #2103 ), #1421, .F. ) ;
#305 = LINE ( 'NONE', #2565, #1049 ) ;
#306 = PLANE ( 'NONE',  #1715 ) ;
#307 = ORIENTED_EDGE ( 'NONE', *, *, #105, .T. ) ;
#308 = SURFACE_STYLE_FILL_AREA ( #1275 ) ;
#309 =( NAMED_UNIT ( * ) PLANE_ANGLE_UNIT ( ) SI_UNIT ( $, .RADIAN. ) );
#310 = CARTESIAN_POINT ( 'NONE',  ( -0.4704724409448819422, -0.1535433070866141780, -0.1771653543307090684 ) ) ;
#311 = CARTESIAN_POINT ( 'NONE',  ( -0.5472440944881890035, 0.06692913385826773642, 0.05905511811023622659 ) ) ;
#312 = CARTESIAN_POINT ( 'NONE',  ( -0.5472440944881890035, -0.3228346456692913202, 0.05905511811023622659 ) ) ;
#313 = ADVANCED_FACE ( 'NONE', ( #1285 ), #1618, .T. ) ;
#314 = FILL_AREA_STYLE_COLOUR ( '', #178 ) ;
#315 = DIRECTION ( 'NONE',  ( 0.0000000000000000000, 0.0000000000000000000, -1.000000000000000000 ) ) ;
#316 = ORIENTED_EDGE ( 'NONE', *, *, #2714, .F. ) ;
#317 = DIMENSIONAL_EXPONENTS ( 1.000000000000000000, 0.0000000000000000000, 0.0000000000000000000, 0.0000000000000000000, 0.0000000000000000000, 0.0000000000000000000, 0.0000000000000000000 ) ;
#318 =( NAMED_UNIT ( * ) PLANE_ANGLE_UNIT ( ) SI_UNIT ( $, .RADIAN. ) );
#319 = FACE_BOUND ( 'NONE', #413, .T. ) ;
#320 = ORIENTED_EDGE ( 'NONE', *, *, #1167, .F. ) ;
#321 = EDGE_CURVE ( 'NONE', #2776, #2851, #844, .T. ) ;
#322 = CARTESIAN_POINT ( 'NONE',  ( -0.1377952755905511861, 7.231927286352638368E-19, -0.1614173228346456601 ) ) ;
#323 = DIRECTION ( 'NONE',  ( 3.469446951953614189E-16, 0.0000000000000000000, -1.000000000000000000 ) ) ;
#324 = EDGE_CURVE ( 'NONE', #2146, #91, #1542, .T. ) ;
#325 = CIRCLE ( 'NONE', #1764, 0.01574803149606299885 ) ;
#326 = ORIENTED_EDGE ( 'NONE', *, *, #1702, .F. ) ;
#327 = LINE ( 'NONE', #1249, #1198 ) ;
#328 = COLOUR_RGB ( '',0.7450980392156862919, 0.7450980392156862919, 0.7450980392156862919 ) ;
#329 = LINE ( 'NONE', #2397, #1296 ) ;
#330 = COLOUR_RGB ( '',0.7450980392156862919, 0.7450980392156862919, 0.7450980392156862919 ) ;
#331 = MECHANICAL_DESIGN_GEOMETRIC_PRESENTATION_REPRESENTATION (  '', ( #757 ), #2732 ) ;
#332 = PLANE ( 'NONE',  #1291 ) ;
#333 = CARTESIAN_POINT ( 'NONE',  ( 0.0000000000000000000, 0.1771653543307086243, 0.1771653543307087075 ) ) ;
#334 = PRESENTATION_LAYER_ASSIGNMENT (  '', '', ( #948 ) ) ;
#335 = COLOUR_RGB ( '',0.7450980392156862919, 0.7450980392156862919, 0.7450980392156862919 ) ;
#336 = VERTEX_POINT ( 'NONE', #401 ) ;
#337 = VECTOR ( 'NONE', #1054, 39.37007874015748143 ) ;
#338 = FILL_AREA_STYLE_COLOUR ( '', #2427 ) ;
#339 = DIRECTION ( 'NONE',  ( 0.0000000000000000000, -9.637352644315595243E-17, 1.000000000000000000 ) ) ;
#340 = EDGE_LOOP ( 'NONE', ( #1118, #2154, #2197, #860, #1762, #1328, #797, #2613, #2129, #2366, #1256, #2079, #2168, #552, #215, #69 ) ) ;
#341 = UNCERTAINTY_MEASURE_WITH_UNIT (LENGTH_MEASURE( 1.000000000000000082E-05 ), #214, 'distance_accuracy_value', 'NONE');
#342 = PRESENTATION_STYLE_ASSIGNMENT (( #1779 ) ) ;
#343 = SURFACE_STYLE_FILL_AREA ( #2795 ) ;
#344 = ORIENTED_EDGE ( 'NONE', *, *, #930, .F. ) ;
#345 = PLANE ( 'NONE',  #1156 ) ;
#346 = VECTOR ( 'NONE', #1010, 39.37007874015748143 ) ;
#347 = SURFACE_SIDE_STYLE ('',( #1711 ) ) ;
#348 = SURFACE_SIDE_STYLE ('',( #2396 ) ) ;
#349 = EDGE_CURVE ( 'NONE', #1163, #1132, #2195, .T. ) ;
#350 = DIRECTION ( 'NONE',  ( 0.0000000000000000000, 1.000000000000000000, 0.0000000000000000000 ) ) ;
#351 = DIRECTION ( 'NONE',  ( -1.000000000000000000, 0.0000000000000000000, -3.433306879537427585E-16 ) ) ;
#352 = ORIENTED_EDGE ( 'NONE', *, *, #411, .T. ) ;
#353 = CYLINDRICAL_SURFACE ( 'NONE', #539, 0.05905511811023622659 ) ;
#354 = VERTEX_POINT ( 'NONE', #1272 ) ;
#355 = DIRECTION ( 'NONE',  ( -0.0000000000000000000, -0.0000000000000000000, -1.000000000000000000 ) ) ;
#356 = FACE_OUTER_BOUND ( 'NONE', #61, .T. ) ;
#357 = ORIENTED_EDGE ( 'NONE', *, *, #9, .F. ) ;
#358 = LENGTH_MEASURE_WITH_UNIT ( LENGTH_MEASURE( 0.02539999999999999897 ), #1215 );
#359 = LENGTH_MEASURE_WITH_UNIT ( LENGTH_MEASURE( 0.02539999999999999897 ), #140 );
#360 = CARTESIAN_POINT ( 'NONE',  ( -0.5314960629921260393, 0.08267716535433072833, -0.05905511811023622659 ) ) ;
#361 = CARTESIAN_POINT ( 'NONE',  ( -0.1377952755905511861, 0.0000000000000000000, 0.0000000000000000000 ) ) ;
#362 = CARTESIAN_POINT ( 'NONE',  ( -0.3346456692913385433, -0.3543307086614174151, -0.04821830202329085296 ) ) ;
#363 = ORIENTED_EDGE ( 'NONE', *, *, #2312, .T. ) ;
#364 = EDGE_CURVE ( 'NONE', #1160, #2655, #2879, .T. ) ;
#365 = CARTESIAN_POINT ( 'NONE',  ( -0.5393700787401576324, -0.3346456692913385988, 0.0000000000000000000 ) ) ;
#366 = ORIENTED_EDGE ( 'NONE', *, *, #2251, .T. ) ;
#367 = UNCERTAINTY_MEASURE_WITH_UNIT (LENGTH_MEASURE( 1.000000000000000082E-05 ), #1932, 'distance_accuracy_value', 'NONE');
#368 =( NAMED_UNIT ( * ) SI_UNIT ( $, .STERADIAN. ) SOLID_ANGLE_UNIT ( ) );
#369 =( NAMED_UNIT ( * ) PLANE_ANGLE_UNIT ( ) SI_UNIT ( $, .RADIAN. ) );
#370 = ORIENTED_EDGE ( 'NONE', *, *, #324, .T. ) ;
#371 = DIRECTION ( 'NONE',  ( 0.0000000000000000000, 1.000000000000000000, 1.927470528863119049E-16 ) ) ;
#372 = DIRECTION ( 'NONE',  ( 0.0000000000000000000, 1.000000000000000000, 0.0000000000000000000 ) ) ;
#373 = DIRECTION ( 'NONE',  ( -0.6246950475544245096, -0.7808688094430301652, 0.0000000000000000000 ) ) ;
#374 = AXIS2_PLACEMENT_3D ( 'NONE', #2083, #918, #2279 ) ;
#375 = MECHANICAL_DESIGN_GEOMETRIC_PRESENTATION_REPRESENTATION (  '', ( #580 ), #1812 ) ;
#376 = SURFACE_STYLE_USAGE ( .BOTH. , #645 ) ;
#377 = PRESENTATION_STYLE_ASSIGNMENT (( #2456 ) ) ;
#378 = FILL_AREA_STYLE ('',( #1355 ) ) ;
#379 = AXIS2_PLACEMENT_3D ( 'NONE', #2388, #290, #1871 ) ;
#380 = VECTOR ( 'NONE', #159, 39.37007874015748143 ) ;
#381 = EDGE_CURVE ( 'NONE', #915, #998, #1661, .T. ) ;
#382 = AXIS2_PLACEMENT_3D ( 'NONE', #1524, #1500, #2226 ) ;
#383 = MECHANICAL_DESIGN_GEOMETRIC_PRESENTATION_REPRESENTATION (  '', ( #272 ), #1001 ) ;
#384 = CARTESIAN_POINT ( 'NONE',  ( -0.5669291338582678197, -0.1574803149606298913, 0.1771653543307089296 ) ) ;
#385 = ORIENTED_EDGE ( 'NONE', *, *, #2097, .F. ) ;
#386 = STYLED_ITEM ( 'NONE', ( #611 ), #2010 ) ;
#387 = VECTOR ( 'NONE', #2176, 39.37007874015748143 ) ;
#388 = EDGE_CURVE ( 'NONE', #1805, #2895, #863, .T. ) ;
#389 = VECTOR ( 'NONE', #2063, 39.37007874015748143 ) ;
#390 = CARTESIAN_POINT ( 'NONE',  ( -0.03937007874015744507, 0.1102362204724409572, -0.1771653543307086243 ) ) ;
#391 = ORIENTED_EDGE ( 'NONE', *, *, #2215, .F. ) ;
#392 = PRESENTATION_LAYER_ASSIGNMENT (  '', '', ( #1202 ) ) ;
#393 = DIRECTION ( 'NONE',  ( 1.000000000000000000, 0.0000000000000000000, 0.0000000000000000000 ) ) ;
#394 =( GEOMETRIC_REPRESENTATION_CONTEXT ( 3 ) GLOBAL_UNCERTAINTY_ASSIGNED_CONTEXT ( ( #1387 ) ) GLOBAL_UNIT_ASSIGNED_CONTEXT ( ( #2900, #1797, #662 ) ) REPRESENTATION_CONTEXT ( 'NONE', 'WORKASPACE' ) );
#395 = SURFACE_STYLE_FILL_AREA ( #838 ) ;
#396 = CARTESIAN_POINT ( 'NONE',  ( -0.4704724409448819422, -0.3444881889763780070, -0.1771653543307083745 ) ) ;
#397 = FILL_AREA_STYLE ('',( #1323 ) ) ;
#398 = PRESENTATION_STYLE_ASSIGNMENT (( #588 ) ) ;
#399 = ORIENTED_EDGE ( 'NONE', *, *, #603, .F. ) ;
#400 = UNCERTAINTY_MEASURE_WITH_UNIT (LENGTH_MEASURE( 1.000000000000000082E-05 ), #1073, 'distance_accuracy_value', 'NONE');
#401 = CARTESIAN_POINT ( 'NONE',  ( -0.5314960629921260393, -0.1574803149606298913, -0.1771653543307086798 ) ) ;
#402 = EDGE_CURVE ( 'NONE', #1521, #52, #1381, .T. ) ;
#403 = PRESENTATION_STYLE_ASSIGNMENT (( #2440 ) ) ;
#404 = ORIENTED_EDGE ( 'NONE', *, *, #2837, .T. ) ;
#405 = PRESENTATION_STYLE_ASSIGNMENT (( #2430 ) ) ;
#406 = LENGTH_MEASURE_WITH_UNIT ( LENGTH_MEASURE( 0.02539999999999999897 ), #2432 );
#407 = CARTESIAN_POINT ( 'NONE',  ( -0.3110236220472440416, -0.3152657504332821436, 0.05905511811023622659 ) ) ;
#408 = PRESENTATION_STYLE_ASSIGNMENT (( #376 ) ) ;
#409 = DIRECTION ( 'NONE',  ( -1.000000000000000000, 0.0000000000000000000, 0.0000000000000000000 ) ) ;
#410 = PLANE ( 'NONE',  #2051 ) ;
#411 = EDGE_CURVE ( 'NONE', #354, #595, #1550, .T. ) ;
#412 = LENGTH_MEASURE_WITH_UNIT ( LENGTH_MEASURE( 0.02539999999999999897 ), #2167 );
#413 = EDGE_LOOP ( 'NONE', ( #1479, #848 ) ) ;
#414 = CARTESIAN_POINT ( 'NONE',  ( -0.1377952755905511861, 0.1771653543307086243, 0.1771653543307087075 ) ) ;
#415 =( LENGTH_UNIT ( ) NAMED_UNIT ( * ) SI_UNIT ( $, .METRE. ) );
#416 = ORIENTED_EDGE ( 'NONE', *, *, #2278, .T. ) ;
#417 = SURFACE_STYLE_USAGE ( .BOTH. , #1751 ) ;
#418 = FACE_OUTER_BOUND ( 'NONE', #1677, .T. ) ;
#419 = ADVANCED_FACE ( 'NONE', ( #1325 ), #1105, .T. ) ;
#420 = DIRECTION ( 'NONE',  ( 0.0000000000000000000, 0.0000000000000000000, -1.000000000000000000 ) ) ;
#421 = PLANE ( 'NONE',  #1909 ) ;
#422 = SURFACE_SIDE_STYLE ('',( #655 ) ) ;
#423 = STYLED_ITEM ( 'NONE', ( #2594 ), #1447 ) ;
#424 = COLOUR_RGB ( '',0.2509803921568627416, 0.2509803921568627416, 0.2509803921568627416 ) ;
#425 =( LENGTH_UNIT ( ) NAMED_UNIT ( * ) SI_UNIT ( $, .METRE. ) );
#426 = ORIENTED_EDGE ( 'NONE', *, *, #1541, .T. ) ;
#427 = UNCERTAINTY_MEASURE_WITH_UNIT (LENGTH_MEASURE( 1.000000000000000082E-05 ), #2165, 'distance_accuracy_value', 'NONE');
#428 = VECTOR ( 'NONE', #1934, 39.37007874015748143 ) ;
#429 =( GEOMETRIC_REPRESENTATION_CONTEXT ( 3 ) GLOBAL_UNCERTAINTY_ASSIGNED_CONTEXT ( ( #619 ) ) GLOBAL_UNIT_ASSIGNED_CONTEXT ( ( #1685, #264, #2382 ) ) REPRESENTATION_CONTEXT ( 'NONE', 'WORKASPACE' ) );
#430 =( CONVERSION_BASED_UNIT ( 'INCH', #1443 ) LENGTH_UNIT ( ) NAMED_UNIT ( #908 ) );
#431 = DIRECTION ( 'NONE',  ( -1.000000000000000000, 0.0000000000000000000, -3.469446951953614189E-16 ) ) ;
#432 = PRESENTATION_LAYER_ASSIGNMENT (  '', '', ( #2286 ) ) ;
#433 = PRESENTATION_LAYER_ASSIGNMENT (  '', '', ( #1763 ) ) ;
#434 = ORIENTED_EDGE ( 'NONE', *, *, #739, .T. ) ;
#435 = VECTOR ( 'NONE', #1399, 39.37007874015748143 ) ;
#436 = CARTESIAN_POINT ( 'NONE',  ( -0.4980362984637098367, -0.3420335620560152612, 0.05905511811023622659 ) ) ;
#437 = CARTESIAN_POINT ( 'NONE',  ( -0.5669291338582678197, 0.1771653543307086798, -0.1771653543307086243 ) ) ;
#438 = DIMENSIONAL_EXPONENTS ( 1.000000000000000000, 0.0000000000000000000, 0.0000000000000000000, 0.0000000000000000000, 0.0000000000000000000, 0.0000000000000000000, 0.0000000000000000000 ) ;
#439 = LENGTH_MEASURE_WITH_UNIT ( LENGTH_MEASURE( 0.02539999999999999897 ), #2915 );
#440 = CARTESIAN_POINT ( 'NONE',  ( -0.5314960629921260393, 1.807981821588045721E-19, 0.1771653543307077361 ) ) ;
#441 = COLOUR_RGB ( '',0.2509803921568627416, 0.2509803921568627416, 0.2509803921568627416 ) ;
#442 = CARTESIAN_POINT ( 'NONE',  ( -0.5669291338582678197, -0.2559055118110236671, 0.1771653543307089296 ) ) ;
#443 = DIRECTION ( 'NONE',  ( 1.000000000000000000, 0.0000000000000000000, 0.0000000000000000000 ) ) ;
#444 = EDGE_CURVE ( 'NONE', #2824, #595, #2257, .T. ) ;
#445 = ORIENTED_EDGE ( 'NONE', *, *, #2090, .F. ) ;
#446 = PRESENTATION_STYLE_ASSIGNMENT (( #2039 ) ) ;
#447 = DIRECTION ( 'NONE',  ( 1.000000000000000000, 0.0000000000000000000, 0.0000000000000000000 ) ) ;
#448 = ORIENTED_EDGE ( 'NONE', *, *, #1970, .F. ) ;
#449 = CARTESIAN_POINT ( 'NONE',  ( -0.03937007874015747977, 0.0000000000000000000, 0.04133858267716535029 ) ) ;
#450 = DIRECTION ( 'NONE',  ( 1.000000000000000000, 0.0000000000000000000, 0.0000000000000000000 ) ) ;
#451 = DIRECTION ( 'NONE',  ( 1.000000000000000000, 0.0000000000000000000, 0.0000000000000000000 ) ) ;
#452 = DIMENSIONAL_EXPONENTS ( 1.000000000000000000, 0.0000000000000000000, 0.0000000000000000000, 0.0000000000000000000, 0.0000000000000000000, 0.0000000000000000000, 0.0000000000000000000 ) ;
#453 = EDGE_CURVE ( 'NONE', #1918, #1675, #216, .T. ) ;
#454 = SURFACE_SIDE_STYLE ('',( #2067 ) ) ;
#455 = CARTESIAN_POINT ( 'NONE',  ( -0.3223425196850394081, -0.3444881889763780070, 0.04921259842519682542 ) ) ;
#456 = ORIENTED_EDGE ( 'NONE', *, *, #468, .T. ) ;
#457 = ADVANCED_FACE ( 'NONE', ( #971 ), #1562, .F. ) ;
#458 = LENGTH_MEASURE_WITH_UNIT ( LENGTH_MEASURE( 0.02539999999999999897 ), #2080 );
#459 = EDGE_LOOP ( 'NONE', ( #1899, #832, #1606, #2193 ) ) ;
#460 = PRESENTATION_STYLE_ASSIGNMENT (( #241 ) ) ;
#461 = PRESENTATION_STYLE_ASSIGNMENT (( #2310 ) ) ;
#462 = SURFACE_SIDE_STYLE ('',( #1614 ) ) ;
#463 =( NAMED_UNIT ( * ) SI_UNIT ( $, .STERADIAN. ) SOLID_ANGLE_UNIT ( ) );
#464 =( LENGTH_UNIT ( ) NAMED_UNIT ( * ) SI_UNIT ( $, .METRE. ) );
#465 =( NAMED_UNIT ( * ) PLANE_ANGLE_UNIT ( ) SI_UNIT ( $, .RADIAN. ) );
#466 =( LENGTH_UNIT ( ) NAMED_UNIT ( * ) SI_UNIT ( $, .METRE. ) );
#467 = EDGE_LOOP ( 'NONE', ( #979, #2809, #1088, #2372, #1667, #941, #34, #2596 ) ) ;
#468 = EDGE_CURVE ( 'NONE', #1317, #2150, #1413, .T. ) ;
#469 = DIMENSIONAL_EXPONENTS ( 1.000000000000000000, 0.0000000000000000000, 0.0000000000000000000, 0.0000000000000000000, 0.0000000000000000000, 0.0000000000000000000, 0.0000000000000000000 ) ;
#470 = AXIS2_PLACEMENT_3D ( 'NONE', #1922, #2799, #564 ) ;
#471 = FILL_AREA_STYLE_COLOUR ( '', #2157 ) ;
#472 = ORIENTED_EDGE ( 'NONE', *, *, #1807, .T. ) ;
#473 = ADVANCED_FACE ( 'NONE', ( #2813 ), #613, .F. ) ;
#474 = VECTOR ( 'NONE', #1516, 39.37007874015748143 ) ;
#475 = AXIS2_PLACEMENT_3D ( 'NONE', #2348, #1495, #2362 ) ;
#476 = DIRECTION ( 'NONE',  ( -0.0000000000000000000, -0.0000000000000000000, -1.000000000000000000 ) ) ;
#477 = FILL_AREA_STYLE_COLOUR ( '', #1094 ) ;
#478 = AXIS2_PLACEMENT_3D ( 'NONE', #767, #2364, #1191 ) ;
#479 = PLANE ( 'NONE',  #1007 ) ;
#480 = FILL_AREA_STYLE_COLOUR ( '', #441 ) ;
#481 = PRESENTATION_LAYER_ASSIGNMENT (  '', '', ( #2389 ) ) ;
#482 = SURFACE_STYLE_FILL_AREA ( #682 ) ;
#483 = DIRECTION ( 'NONE',  ( -0.0000000000000000000, -1.000000000000000000, -0.0000000000000000000 ) ) ;
#484 = AXIS2_PLACEMENT_3D ( 'NONE', #2040, #2725, #1131 ) ;
#485 = FACE_OUTER_BOUND ( 'NONE', #135, .T. ) ;
#486 = LINE ( 'NONE', #1604, #2507 ) ;
#487 = COLOUR_RGB ( '',0.7450980392156862919, 0.7450980392156862919, 0.7450980392156862919 ) ;
#488 = VERTEX_POINT ( 'NONE', #1519 ) ;
#489 = LINE ( 'NONE', #1837, #1538 ) ;
#490 = ORIENTED_EDGE ( 'NONE', *, *, #2782, .F. ) ;
#491 = DIRECTION ( 'NONE',  ( 0.0000000000000000000, 0.0000000000000000000, -1.000000000000000000 ) ) ;
#492 = CARTESIAN_POINT ( 'NONE',  ( -0.3720472440944881942, -0.1535433070866141780, -0.1771653543307090406 ) ) ;
#493 = DIMENSIONAL_EXPONENTS ( 1.000000000000000000, 0.0000000000000000000, 0.0000000000000000000, 0.0000000000000000000, 0.0000000000000000000, 0.0000000000000000000, 0.0000000000000000000 ) ;
#494 = LINE ( 'NONE', #1409, #2386 ) ;
#495 = CARTESIAN_POINT ( 'NONE',  ( -0.4507874015748031815, -0.3444881889763780070, -0.1929133858267720325 ) ) ;
#496 = LENGTH_MEASURE_WITH_UNIT ( LENGTH_MEASURE( 0.02539999999999999897 ), #2504 );
#497 =( NAMED_UNIT ( * ) PLANE_ANGLE_UNIT ( ) SI_UNIT ( $, .RADIAN. ) );
#498 = DIRECTION ( 'NONE',  ( -0.7808688094430299431, -0.6246950475544247317, 0.0000000000000000000 ) ) ;
#499 = DIRECTION ( 'NONE',  ( 0.0000000000000000000, 0.0000000000000000000, -1.000000000000000000 ) ) ;
#500 = CARTESIAN_POINT ( 'NONE',  ( -0.5669291338582678197, 1.807981821588045721E-19, 0.1771653543307077361 ) ) ;
#501 = CARTESIAN_POINT ( 'NONE',  ( -0.3720472440944881942, -0.3937007874015748254, -0.1771653543307083745 ) ) ;
#502 = EDGE_LOOP ( 'NONE', ( #1114, #2292, #874, #1233 ) ) ;
#503 = CARTESIAN_POINT ( 'NONE',  ( -0.4857391518583076828, -0.3518712793403370176, 0.05905511811023622659 ) ) ;
#504 = ORIENTED_EDGE ( 'NONE', *, *, #761, .F. ) ;
#505 = DIRECTION ( 'NONE',  ( 0.0000000000000000000, -1.000000000000000000, 0.0000000000000000000 ) ) ;
#506 =( LENGTH_UNIT ( ) NAMED_UNIT ( * ) SI_UNIT ( $, .METRE. ) );
#507 = FILL_AREA_STYLE_COLOUR ( '', #642 ) ;
#508 = EDGE_CURVE ( 'NONE', #1918, #915, #2800, .T. ) ;
#509 = CARTESIAN_POINT ( 'NONE',  ( -0.5314960629921260393, 1.807981821588045721E-19, 0.1771653543307077361 ) ) ;
#510 = DIRECTION ( 'NONE',  ( 0.0000000000000000000, 0.0000000000000000000, 1.000000000000000000 ) ) ;
#511 = DIMENSIONAL_EXPONENTS ( 1.000000000000000000, 0.0000000000000000000, 0.0000000000000000000, 0.0000000000000000000, 0.0000000000000000000, 0.0000000000000000000, 0.0000000000000000000 ) ;
#512 = EDGE_CURVE ( 'NONE', #1734, #2363, #1506, .T. ) ;
#513 = SURFACE_STYLE_FILL_AREA ( #2485 ) ;
#514 =( CONVERSION_BASED_UNIT ( 'INCH', #2540 ) LENGTH_UNIT ( ) NAMED_UNIT ( #746 ) );
#515 = CARTESIAN_POINT ( 'NONE',  ( -0.5472440944881890035, -0.1574803149606298913, -0.05905511811023624047 ) ) ;
#516 = DIRECTION ( 'NONE',  ( 0.0000000000000000000, 0.0000000000000000000, -1.000000000000000000 ) ) ;
#517 = ORIENTED_EDGE ( 'NONE', *, *, #911, .F. ) ;
#518 = PRESENTATION_STYLE_ASSIGNMENT (( #2756 ) ) ;
#519 = DIRECTION ( 'NONE',  ( -1.000000000000000000, 0.0000000000000000000, 0.0000000000000000000 ) ) ;
#520 = ORIENTED_EDGE ( 'NONE', *, *, #181, .F. ) ;
#521 = PRESENTATION_LAYER_ASSIGNMENT (  '', '', ( #2874 ) ) ;
#522 = CARTESIAN_POINT ( 'NONE',  ( -0.1377952755905511861, 0.0000000000000000000, 0.0000000000000000000 ) ) ;
#523 = CYLINDRICAL_SURFACE ( 'NONE', #82, 0.01574803149606299885 ) ;
#524 = FILL_AREA_STYLE_COLOUR ( '', #1252 ) ;
#525 = STYLED_ITEM ( 'NONE', ( #1465 ), #1428 ) ;
#526 = AXIS2_PLACEMENT_3D ( 'NONE', #1698, #1024, #2191 ) ;
#527 =( NAMED_UNIT ( * ) PLANE_ANGLE_UNIT ( ) SI_UNIT ( $, .RADIAN. ) );
#528 = CIRCLE ( 'NONE', #475, 0.04921259842519685318 ) ;
#529 = PRESENTATION_LAYER_ASSIGNMENT (  '', '', ( #1247 ) ) ;
#530 = LENGTH_MEASURE_WITH_UNIT ( LENGTH_MEASURE( 0.02539999999999999897 ), #806 );
#531 = DIRECTION ( 'NONE',  ( 0.0000000000000000000, -1.000000000000000000, -1.927470528863119049E-16 ) ) ;
#532 = CARTESIAN_POINT ( 'NONE',  ( -0.3223425196850394081, -0.3444881889763780070, 0.04921259842519682542 ) ) ;
#533 = MECHANICAL_DESIGN_GEOMETRIC_PRESENTATION_REPRESENTATION (  '', ( #948 ), #2001 ) ;
#534 = AXIS2_PLACEMENT_3D ( 'NONE', #2537, #277, #531 ) ;
#535 = MECHANICAL_DESIGN_GEOMETRIC_PRESENTATION_REPRESENTATION (  '', ( #677 ), #2472 ) ;
#536 = CARTESIAN_POINT ( 'NONE',  ( -0.5324803149606298636, -0.3346456692913385988, 0.05905511811023622659 ) ) ;
#537 = ADVANCED_FACE ( 'NONE', ( #830 ), #2179, .T. ) ;
#538 = ORIENTED_EDGE ( 'NONE', *, *, #381, .T. ) ;
#539 = AXIS2_PLACEMENT_3D ( 'NONE', #365, #1083, #1509 ) ;
#540 = AXIS2_PLACEMENT_3D ( 'NONE', #780, #2528, #2093 ) ;
#541 = FILL_AREA_STYLE ('',( #1259 ) ) ;
#542 = FACE_OUTER_BOUND ( 'NONE', #835, .T. ) ;
#543 = ORIENTED_EDGE ( 'NONE', *, *, #1705, .T. ) ;
#544 = COLOUR_RGB ( '',0.4117647058823529216, 0.4117647058823529216, 0.4117647058823529216 ) ;
#545 = CARTESIAN_POINT ( 'NONE',  ( -0.5472440944881890035, -0.3228346456692913202, 0.05905511811023622659 ) ) ;
#546 = ORIENTED_EDGE ( 'NONE', *, *, #149, .T. ) ;
#547 = ORIENTED_EDGE ( 'NONE', *, *, #660, .T. ) ;
#548 = DIRECTION ( 'NONE',  ( 0.0000000000000000000, -1.000000000000000000, 2.891205793294676847E-16 ) ) ;
#549 =( CONVERSION_BASED_UNIT ( 'INCH', #1923 ) LENGTH_UNIT ( ) NAMED_UNIT ( #438 ) );
#550 = DIRECTION ( 'NONE',  ( -1.000000000000000000, 0.0000000000000000000, 0.0000000000000000000 ) ) ;
#551 =( CONVERSION_BASED_UNIT ( 'INCH', #43 ) LENGTH_UNIT ( ) NAMED_UNIT ( #1908 ) );
#552 = ORIENTED_EDGE ( 'NONE', *, *, #2199, .T. ) ;
#553 = ADVANCED_FACE ( 'NONE', ( #2376 ), #332, .F. ) ;
#554 = DIRECTION ( 'NONE',  ( 0.0000000000000000000, 0.0000000000000000000, -1.000000000000000000 ) ) ;
#555 = EDGE_CURVE ( 'NONE', #1627, #2384, #1113, .T. ) ;
#556 = SURFACE_STYLE_FILL_AREA ( #1464 ) ;
#557 = DIRECTION ( 'NONE',  ( 0.0000000000000000000, 0.0000000000000000000, -1.000000000000000000 ) ) ;
#558 = DIMENSIONAL_EXPONENTS ( 1.000000000000000000, 0.0000000000000000000, 0.0000000000000000000, 0.0000000000000000000, 0.0000000000000000000, 0.0000000000000000000, 0.0000000000000000000 ) ;
#559 = CARTESIAN_POINT ( 'NONE',  ( -0.5314960629921260393, -0.2559055118110236671, 0.05905511811023622659 ) ) ;
#560 = SURFACE_STYLE_FILL_AREA ( #292 ) ;
#561 = ORIENTED_EDGE ( 'NONE', *, *, #1344, .T. ) ;
#562 = EDGE_LOOP ( 'NONE', ( #578, #917, #1732, #1973, #2543, #2489, #2911, #1910, #1106, #2666 ) ) ;
#563 =( CONVERSION_BASED_UNIT ( 'INCH', #1727 ) LENGTH_UNIT ( ) NAMED_UNIT ( #251 ) );
#564 = DIRECTION ( 'NONE',  ( 0.0000000000000000000, 2.891205793294684736E-16, -1.000000000000000000 ) ) ;
#565 = LENGTH_MEASURE_WITH_UNIT ( LENGTH_MEASURE( 0.02539999999999999897 ), #1232 );
#566 = FILL_AREA_STYLE_COLOUR ( '', #672 ) ;
#567 = ORIENTED_EDGE ( 'NONE', *, *, #2450, .F. ) ;
#568 = DIRECTION ( 'NONE',  ( -1.000000000000000000, 0.0000000000000000000, 0.0000000000000000000 ) ) ;
#569 = ORIENTED_EDGE ( 'NONE', *, *, #660, .F. ) ;
#570 = CARTESIAN_POINT ( 'NONE',  ( -0.03937007874015747977, 0.1102362204724409017, 0.1771653543307084022 ) ) ;
#571 = SURFACE_SIDE_STYLE ('',( #95 ) ) ;
#572 = EDGE_CURVE ( 'NONE', #2824, #1836, #627, .T. ) ;
#573 =( LENGTH_UNIT ( ) NAMED_UNIT ( * ) SI_UNIT ( $, .METRE. ) );
#574 = ORIENTED_EDGE ( 'NONE', *, *, #1742, .T. ) ;
#575 = CARTESIAN_POINT ( 'NONE',  ( -0.5472440944881890035, -0.2559055118110236671, 0.05905511811023622659 ) ) ;
#576 = COLOUR_RGB ( '',0.7450980392156862919, 0.7450980392156862919, 0.7450980392156862919 ) ;
#577 = AXIS2_PLACEMENT_3D ( 'NONE', #1397, #1598, #2913 ) ;
#578 = ORIENTED_EDGE ( 'NONE', *, *, #154, .T. ) ;
#579 = DIRECTION ( 'NONE',  ( -1.000000000000000000, -0.0000000000000000000, -0.0000000000000000000 ) ) ;
#580 = STYLED_ITEM ( 'NONE', ( #1759 ), #313 ) ;
#581 = CIRCLE ( 'NONE', #2465, 0.1279527559055118335 ) ;
#582 = FACE_OUTER_BOUND ( 'NONE', #1522, .T. ) ;
#583 = CARTESIAN_POINT ( 'NONE',  ( -0.3346456692913385433, -0.3543307086614174151, 0.05905511811023622659 ) ) ;
#584 = VECTOR ( 'NONE', #2108, 39.37007874015748143 ) ;
#585 = ORIENTED_EDGE ( 'NONE', *, *, #729, .T. ) ;
#586 = MECHANICAL_DESIGN_GEOMETRIC_PRESENTATION_REPRESENTATION (  '', ( #1298 ), #2007 ) ;
#587 = COLOUR_RGB ( '',0.2509803921568627416, 0.2509803921568627416, 0.2509803921568627416 ) ;
#588 = SURFACE_STYLE_USAGE ( .BOTH. , #2665 ) ;
#589 = COLOUR_RGB ( '',0.2509803921568627416, 0.2509803921568627416, 0.2509803921568627416 ) ;
#590 = ORIENTED_EDGE ( 'NONE', *, *, #1628, .F. ) ;
#591 = UNCERTAINTY_MEASURE_WITH_UNIT (LENGTH_MEASURE( 1.000000000000000082E-05 ), #2806, 'distance_accuracy_value', 'NONE');
#592 = PRESENTATION_LAYER_ASSIGNMENT (  '', '', ( #2398 ) ) ;
#593 = CARTESIAN_POINT ( 'NONE',  ( -0.5472440944881890035, -0.3228346456692913202, -0.05905511811023622659 ) ) ;
#594 = LENGTH_MEASURE_WITH_UNIT ( LENGTH_MEASURE( 0.02539999999999999897 ), #2850 );
#595 = VERTEX_POINT ( 'NONE', #2005 ) ;
#596 = FILL_AREA_STYLE_COLOUR ( '', #686 ) ;
#597 = ORIENTED_EDGE ( 'NONE', *, *, #267, .T. ) ;
#598 = LINE ( 'NONE', #360, #474 ) ;
#599 = DIRECTION ( 'NONE',  ( -0.0000000000000000000, -0.0000000000000000000, -1.000000000000000000 ) ) ;
#600 = CARTESIAN_POINT ( 'NONE',  ( -0.4212598425196851237, -0.3444881889763780070, 0.003937007874015382818 ) ) ;
#601 = LINE ( 'NONE', #1220, #1819 ) ;
#602 = EDGE_LOOP ( 'NONE', ( #2319, #616, #370, #597, #1714, #2754 ) ) ;
#603 = EDGE_CURVE ( 'NONE', #1836, #1805, #1770, .T. ) ;
#604 = ORIENTED_EDGE ( 'NONE', *, *, #2516, .T. ) ;
#605 = DIRECTION ( 'NONE',  ( 0.0000000000000000000, 0.0000000000000000000, 1.000000000000000000 ) ) ;
#606 = CYLINDRICAL_SURFACE ( 'NONE', #2434, 0.1614173228346456601 ) ;
#607 = ORIENTED_EDGE ( 'NONE', *, *, #2615, .T. ) ;
#608 = DIRECTION ( 'NONE',  ( 0.0000000000000000000, 0.0000000000000000000, 1.000000000000000000 ) ) ;
#609 =( BOUNDED_CURVE ( )  B_SPLINE_CURVE ( 3, ( #880, #623, #187, #2841 ),
 .UNSPECIFIED., .F., .T. ) 
 B_SPLINE_CURVE_WITH_KNOTS ( ( 4, 4 ),
 ( 4.712388980384689674, 4.862981928580465407 ),
 .UNSPECIFIED. ) 
 CURVE ( )  GEOMETRIC_REPRESENTATION_ITEM ( )  RATIONAL_B_SPLINE_CURVE ( ( 1.000000000000000000, 0.9981110397135106727, 0.9981110397135106727, 1.000000000000000000 ) ) 
 REPRESENTATION_ITEM ( '' )  );
#610 = DIRECTION ( 'NONE',  ( 0.0000000000000000000, -1.000000000000000000, 3.444205370125730629E-17 ) ) ;
#611 = PRESENTATION_STYLE_ASSIGNMENT (( #156 ) ) ;
#612 = DIRECTION ( 'NONE',  ( 0.0000000000000000000, 1.000000000000000000, 2.365532012695645724E-16 ) ) ;
#613 = CYLINDRICAL_SURFACE ( 'NONE', #1051, 0.02952755905511813758 ) ;
#614 = PLANE ( 'NONE',  #2654 ) ;
#615 = ADVANCED_FACE ( 'NONE', ( #1558 ), #421, .F. ) ;
#616 = ORIENTED_EDGE ( 'NONE', *, *, #1654, .T. ) ;
#617 = FACE_OUTER_BOUND ( 'NONE', #2674, .T. ) ;
#618 = ORIENTED_EDGE ( 'NONE', *, *, #1789, .T. ) ;
#619 = UNCERTAINTY_MEASURE_WITH_UNIT (LENGTH_MEASURE( 1.000000000000000082E-05 ), #1685, 'distance_accuracy_value', 'NONE');
#620 =( CONVERSION_BASED_UNIT ( 'INCH', #2637 ) LENGTH_UNIT ( ) NAMED_UNIT ( #234 ) );
#621 = FILL_AREA_STYLE ('',( #1955 ) ) ;
#622 = EDGE_LOOP ( 'NONE', ( #218, #64, #2029, #2475 ) ) ;
#623 = CARTESIAN_POINT ( 'NONE',  ( -0.3506425376491807411, -0.3469608829148316809, 0.04921259842519684624 ) ) ;
#624 = DIRECTION ( 'NONE',  ( -0.7071067811865479058, 8.659560562354927928E-17, -0.7071067811865471286 ) ) ;
#625 = VECTOR ( 'NONE', #2793, 39.37007874015748143 ) ;
#626 = DIRECTION ( 'NONE',  ( -1.000000000000000000, -0.0000000000000000000, -0.0000000000000000000 ) ) ;
#627 = LINE ( 'NONE', #1311, #380 ) ;
#628 = FACE_OUTER_BOUND ( 'NONE', #1361, .T. ) ;
#629 = CIRCLE ( 'NONE', #77, 0.1279527559055118335 ) ;
#630 = EDGE_CURVE ( 'NONE', #2776, #2781, #1533, .T. ) ;
#631 = AXIS2_PLACEMENT_3D ( 'NONE', #925, #498, #1592 ) ;
#632 = DIRECTION ( 'NONE',  ( 0.0000000000000000000, -1.000000000000000000, 0.0000000000000000000 ) ) ;
#633 = ORIENTED_EDGE ( 'NONE', *, *, #1379, .T. ) ;
#634 = COLOUR_RGB ( '',0.2509803921568627416, 0.2509803921568627416, 0.2509803921568627416 ) ;
#635 = COLOUR_RGB ( '',0.2509803921568627416, 0.2509803921568627416, 0.2509803921568627416 ) ;
#636 =( GEOMETRIC_REPRESENTATION_CONTEXT ( 3 ) GLOBAL_UNCERTAINTY_ASSIGNED_CONTEXT ( ( #1085 ) ) GLOBAL_UNIT_ASSIGNED_CONTEXT ( ( #1851, #950, #197 ) ) REPRESENTATION_CONTEXT ( 'NONE', 'WORKASPACE' ) );
#637 = SURFACE_SIDE_STYLE ('',( #2185 ) ) ;
#638 = ORIENTED_EDGE ( 'NONE', *, *, #508, .T. ) ;
#639 =( NAMED_UNIT ( * ) SI_UNIT ( $, .STERADIAN. ) SOLID_ANGLE_UNIT ( ) );
#640 = PRESENTATION_LAYER_ASSIGNMENT (  '', '', ( #1920 ) ) ;
#641 = SURFACE_STYLE_USAGE ( .BOTH. , #1766 ) ;
#642 = COLOUR_RGB ( '',0.7450980392156862919, 0.7450980392156862919, 0.7450980392156862919 ) ;
#643 = CARTESIAN_POINT ( 'NONE',  ( -0.03937007874015747977, 5.062516295687876946E-18, -0.04133858267716535029 ) ) ;
#644 = EDGE_CURVE ( 'NONE', #52, #1521, #1664, .T. ) ;
#645 = SURFACE_SIDE_STYLE ('',( #2661 ) ) ;
#646 = CARTESIAN_POINT ( 'NONE',  ( -0.4212598425196850127, -0.3444881889763780070, -0.1771653543307083745 ) ) ;
#647 = ORIENTED_EDGE ( 'NONE', *, *, #1006, .T. ) ;
#648 = UNCERTAINTY_MEASURE_WITH_UNIT (LENGTH_MEASURE( 1.000000000000000082E-05 ), #1087, 'distance_accuracy_value', 'NONE');
#649 = DIRECTION ( 'NONE',  ( -1.000000000000000000, 0.0000000000000000000, 0.0000000000000000000 ) ) ;
#650 = DIRECTION ( 'NONE',  ( 0.0000000000000000000, 1.000000000000000000, 1.927470528863119049E-16 ) ) ;
#651 =( CONVERSION_BASED_UNIT ( 'INCH', #2669 ) LENGTH_UNIT ( ) NAMED_UNIT ( #2905 ) );
#652 = ORIENTED_EDGE ( 'NONE', *, *, #1225, .F. ) ;
#653 =( NAMED_UNIT ( * ) PLANE_ANGLE_UNIT ( ) SI_UNIT ( $, .RADIAN. ) );
#654 = CARTESIAN_POINT ( 'NONE',  ( -0.4999612308784061043, -0.3404936161242581028, -0.05905511811023623353 ) ) ;
#655 = SURFACE_STYLE_FILL_AREA ( #397 ) ;
#656 = ORIENTED_EDGE ( 'NONE', *, *, #1936, .T. ) ;
#657 =( CONVERSION_BASED_UNIT ( 'INCH', #180 ) LENGTH_UNIT ( ) NAMED_UNIT ( #2317 ) );
#658 = PLANE ( 'NONE',  #2435 ) ;
#659 = VERTEX_POINT ( 'NONE', #1322 ) ;
#660 = EDGE_CURVE ( 'NONE', #659, #904, #199, .T. ) ;
#661 = FACE_OUTER_BOUND ( 'NONE', #2071, .T. ) ;
#662 =( NAMED_UNIT ( * ) SI_UNIT ( $, .STERADIAN. ) SOLID_ANGLE_UNIT ( ) );
#663 = CYLINDRICAL_SURFACE ( 'NONE', #1384, 0.04921259842519685318 ) ;
#664 = LINE ( 'NONE', #1574, #1388 ) ;
#665 = DIMENSIONAL_EXPONENTS ( 1.000000000000000000, 0.0000000000000000000, 0.0000000000000000000, 0.0000000000000000000, 0.0000000000000000000, 0.0000000000000000000, 0.0000000000000000000 ) ;
#666 = PRESENTATION_LAYER_ASSIGNMENT (  '', '', ( #266 ) ) ;
#667 =( GEOMETRIC_REPRESENTATION_CONTEXT ( 3 ) GLOBAL_UNCERTAINTY_ASSIGNED_CONTEXT ( ( #843 ) ) GLOBAL_UNIT_ASSIGNED_CONTEXT ( ( #2546, #1434, #738 ) ) REPRESENTATION_CONTEXT ( 'NONE', 'WORKASPACE' ) );
#668 = COLOUR_RGB ( '',0.7450980392156862919, 0.7450980392156862919, 0.7450980392156862919 ) ;
#669 = SURFACE_STYLE_USAGE ( .BOTH. , #1605 ) ;
#670 = ORIENTED_EDGE ( 'NONE', *, *, #1356, .F. ) ;
#671 = UNCERTAINTY_MEASURE_WITH_UNIT (LENGTH_MEASURE( 1.000000000000000082E-05 ), #1312, 'distance_accuracy_value', 'NONE');
#672 = COLOUR_RGB ( '',0.7450980392156862919, 0.7450980392156862919, 0.7450980392156862919 ) ;
#673 = DIRECTION ( 'NONE',  ( 1.000000000000000000, 0.0000000000000000000, 0.0000000000000000000 ) ) ;
#674 = AXIS2_PLACEMENT_3D ( 'NONE', #115, #1039, #1889 ) ;
#675 = CIRCLE ( 'NONE', #2336, 0.1614173228346456601 ) ;
#676 = ORIENTED_EDGE ( 'NONE', *, *, #2188, .F. ) ;
#677 = STYLED_ITEM ( 'NONE', ( #1065 ), #2352 ) ;
#678 = SURFACE_SIDE_STYLE ('',( #2260 ) ) ;
#679 = CARTESIAN_POINT ( 'NONE',  ( -0.5078740157480314821, -0.3543307086614174151, -0.05567769930602733258 ) ) ;
#680 = DIRECTION ( 'NONE',  ( 1.000000000000000000, 0.0000000000000000000, 0.0000000000000000000 ) ) ;
#681 = STYLED_ITEM ( 'NONE', ( #1109 ), #2872 ) ;
#682 = FILL_AREA_STYLE ('',( #2718 ) ) ;
#683 = DIRECTION ( 'NONE',  ( 0.6246950475544256198, -0.7808688094430293880, 0.0000000000000000000 ) ) ;
#684 = PLANE ( 'NONE',  #2246 ) ;
#685 = ADVANCED_FACE ( 'NONE', ( #2248 ), #663, .T. ) ;
#686 = COLOUR_RGB ( '',0.7450980392156862919, 0.7450980392156862919, 0.7450980392156862919 ) ;
#687 = DIRECTION ( 'NONE',  ( -1.000000000000000000, 0.0000000000000000000, 0.0000000000000000000 ) ) ;
#688 = VERTEX_POINT ( 'NONE', #2160 ) ;
#689 = DIMENSIONAL_EXPONENTS ( 1.000000000000000000, 0.0000000000000000000, 0.0000000000000000000, 0.0000000000000000000, 0.0000000000000000000, 0.0000000000000000000, 0.0000000000000000000 ) ;
#690 = FILL_AREA_STYLE ('',( #471 ) ) ;
#691 = ORIENTED_EDGE ( 'NONE', *, *, #402, .F. ) ;
#692 = CARTESIAN_POINT ( 'NONE',  ( -0.3567805331810624536, -0.3518712793403370176, 0.04921259842519683236 ) ) ;
#693 = DIRECTION ( 'NONE',  ( -1.000000000000000000, 0.0000000000000000000, 0.0000000000000000000 ) ) ;
#694 = FILL_AREA_STYLE ('',( #480 ) ) ;
#695 = EDGE_CURVE ( 'NONE', #1193, #2166, #629, .T. ) ;
#696 =( LENGTH_UNIT ( ) NAMED_UNIT ( * ) SI_UNIT ( $, .METRE. ) );
#697 = CARTESIAN_POINT ( 'NONE',  ( -0.4212598425196850127, -0.3444881889763780070, -0.1929133858267720325 ) ) ;
#698 = EDGE_CURVE ( 'NONE', #1805, #2776, #2914, .T. ) ;
#699 = LINE ( 'NONE', #238, #1257 ) ;
#700 = EDGE_LOOP ( 'NONE', ( #307, #1429 ) ) ;
#701 = DIRECTION ( 'NONE',  ( 0.0000000000000000000, 0.0000000000000000000, 1.000000000000000000 ) ) ;
#702 = EDGE_LOOP ( 'NONE', ( #2833, #2053, #1369, #1847, #517, #1281 ) ) ;
#703 = DIRECTION ( 'NONE',  ( -1.000000000000000000, 0.0000000000000000000, 0.0000000000000000000 ) ) ;
#704 = DIRECTION ( 'NONE',  ( 0.0000000000000000000, 0.0000000000000000000, 1.000000000000000000 ) ) ;
#705 = DIMENSIONAL_EXPONENTS ( 1.000000000000000000, 0.0000000000000000000, 0.0000000000000000000, 0.0000000000000000000, 0.0000000000000000000, 0.0000000000000000000, 0.0000000000000000000 ) ;
#706 = CARTESIAN_POINT ( 'NONE',  ( -0.5669291338582678197, 0.1771653543307086243, 0.1771653543307087075 ) ) ;
#707 = CARTESIAN_POINT ( 'NONE',  ( -0.5240776939586161420, -0.3413677660929496094, -0.05905511811023621271 ) ) ;
#708 = DIRECTION ( 'NONE',  ( 1.000000000000000000, 0.0000000000000000000, 0.0000000000000000000 ) ) ;
#709 = LINE ( 'NONE', #1644, #762 ) ;
#710 = CARTESIAN_POINT ( 'NONE',  ( -0.5669291338582678197, 0.1771653543307086243, 0.1771653543307087075 ) ) ;
#711 = LENGTH_MEASURE_WITH_UNIT ( LENGTH_MEASURE( 0.02539999999999999897 ), #466 );
#712 = PRESENTATION_LAYER_ASSIGNMENT (  '', '', ( #1523 ) ) ;
#713 = EDGE_LOOP ( 'NONE', ( #2204, #2897, #1886, #1283, #2405, #2545 ) ) ;
#714 = AXIS2_PLACEMENT_3D ( 'NONE', #186, #807, #206 ) ;
#715 = MECHANICAL_DESIGN_GEOMETRIC_PRESENTATION_REPRESENTATION (  '', ( #2419 ), #2825 ) ;
#716 = VERTEX_POINT ( 'NONE', #892 ) ;
#717 =( GEOMETRIC_REPRESENTATION_CONTEXT ( 3 ) GLOBAL_UNCERTAINTY_ASSIGNED_CONTEXT ( ( #820 ) ) GLOBAL_UNIT_ASSIGNED_CONTEXT ( ( #657, #2527, #10 ) ) REPRESENTATION_CONTEXT ( 'NONE', 'WORKASPACE' ) );
#718 = STYLED_ITEM ( 'NONE', ( #1730 ), #537 ) ;
#719 = VECTOR ( 'NONE', #1472, 39.37007874015748143 ) ;
#720 = CARTESIAN_POINT ( 'NONE',  ( -0.2952755905511810774, -0.3228346456692913202, -0.04921259842519684624 ) ) ;
#721 = PRESENTATION_LAYER_ASSIGNMENT (  '', '', ( #2002 ) ) ;
#722 = CARTESIAN_POINT ( 'NONE',  ( -0.3917322834645668994, -0.3444881889763780070, -0.1929133858267720325 ) ) ;
#723 = LENGTH_MEASURE_WITH_UNIT ( LENGTH_MEASURE( 0.02539999999999999897 ), #17 );
#724 = VECTOR ( 'NONE', #2322, 39.37007874015748143 ) ;
#725 = AXIS2_PLACEMENT_3D ( 'NONE', #2247, #853, #612 ) ;
#726 =( NAMED_UNIT ( * ) SI_UNIT ( $, .STERADIAN. ) SOLID_ANGLE_UNIT ( ) );
#727 = SURFACE_SIDE_STYLE ('',( #2050 ) ) ;
#728 = AXIS2_PLACEMENT_3D ( 'NONE', #384, #632, #161 ) ;
#729 = EDGE_CURVE ( 'NONE', #1836, #2567, #1810, .T. ) ;
#730 =( GEOMETRIC_REPRESENTATION_CONTEXT ( 3 ) GLOBAL_UNCERTAINTY_ASSIGNED_CONTEXT ( ( #671 ) ) GLOBAL_UNIT_ASSIGNED_CONTEXT ( ( #1312, #1774, #2648 ) ) REPRESENTATION_CONTEXT ( 'NONE', 'WORKASPACE' ) );
#731 = PLANE ( 'NONE',  #275 ) ;
#732 = CARTESIAN_POINT ( 'NONE',  ( -0.3475516702261137181, -0.3444881889763780070, -0.04921259842519682542 ) ) ;
#733 = AXIS2_PLACEMENT_3D ( 'NONE', #1071, #1079, #1783 ) ;
#734 = ORIENTED_EDGE ( 'NONE', *, *, #2724, .T. ) ;
#735 = EDGE_CURVE ( 'NONE', #2166, #1193, #581, .T. ) ;
#736 = ORIENTED_EDGE ( 'NONE', *, *, #2901, .T. ) ;
#737 = CARTESIAN_POINT ( 'NONE',  ( -0.5472440944881890035, 0.06692913385826773642, -0.05905511811023624047 ) ) ;
#738 =( NAMED_UNIT ( * ) SI_UNIT ( $, .STERADIAN. ) SOLID_ANGLE_UNIT ( ) );
#739 = EDGE_CURVE ( 'NONE', #775, #1780, #2062, .T. ) ;
#740 = LINE ( 'NONE', #1375, #389 ) ;
#741 = DIRECTION ( 'NONE',  ( -0.0000000000000000000, -0.0000000000000000000, -1.000000000000000000 ) ) ;
#742 = SURFACE_SIDE_STYLE ('',( #513 ) ) ;
#743 = DIRECTION ( 'NONE',  ( 0.0000000000000000000, 0.0000000000000000000, -1.000000000000000000 ) ) ;
#744 = SURFACE_STYLE_FILL_AREA ( #2303 ) ;
#745 = ORIENTED_EDGE ( 'NONE', *, *, #2928, .T. ) ;
#746 = DIMENSIONAL_EXPONENTS ( 1.000000000000000000, 0.0000000000000000000, 0.0000000000000000000, 0.0000000000000000000, 0.0000000000000000000, 0.0000000000000000000, 0.0000000000000000000 ) ;
#747 = CARTESIAN_POINT ( 'NONE',  ( -0.5472440944881890035, -0.2559055118110236671, 0.05905511811023622659 ) ) ;
#748 = ORIENTED_EDGE ( 'NONE', *, *, #225, .T. ) ;
#749 = DIRECTION ( 'NONE',  ( 0.0000000000000000000, -2.891205793294684736E-16, 1.000000000000000000 ) ) ;
#750 = EDGE_CURVE ( 'NONE', #1521, #2135, #933, .T. ) ;
#751 = LINE ( 'NONE', #509, #1577 ) ;
#752 = CARTESIAN_POINT ( 'NONE',  ( -0.3720472440944881942, -0.3937007874015748254, -0.1771653543307083745 ) ) ;
#753 = ORIENTED_EDGE ( 'NONE', *, *, #2901, .F. ) ;
#754 = MECHANICAL_DESIGN_GEOMETRIC_PRESENTATION_REPRESENTATION (  '', ( #1806 ), #2920 ) ;
#755 = CARTESIAN_POINT ( 'NONE',  ( -0.3567805331810624536, -0.3518712793403370176, 0.04865562475641743712 ) ) ;
#756 = PRESENTATION_LAYER_ASSIGNMENT (  '', '', ( #423 ) ) ;
#757 = STYLED_ITEM ( 'NONE', ( #1573 ), #685 ) ;
#758 = VERTEX_POINT ( 'NONE', #559 ) ;
#759 = COLOUR_RGB ( '',0.7450980392156862919, 0.7450980392156862919, 0.7450980392156862919 ) ;
#760 = LINE ( 'NONE', #2406, #719 ) ;
#761 = EDGE_CURVE ( 'NONE', #1475, #716, #2611, .T. ) ;
#762 = VECTOR ( 'NONE', #451, 39.37007874015748143 ) ;
#763 = CARTESIAN_POINT ( 'NONE',  ( -0.04724409448818899654, 6.026805113914140946E-18, -0.04921259842519686012 ) ) ;
#764 =( NAMED_UNIT ( * ) PLANE_ANGLE_UNIT ( ) SI_UNIT ( $, .RADIAN. ) );
#765 = ORIENTED_EDGE ( 'NONE', *, *, #695, .F. ) ;
#766 = PRESENTATION_LAYER_ASSIGNMENT (  '', '', ( #1680 ) ) ;
#767 = CARTESIAN_POINT ( 'NONE',  ( -0.3110236220472440416, -0.3152657504332821436, 0.05905511811023622659 ) ) ;
#768 = FILL_AREA_STYLE_COLOUR ( '', #589 ) ;
#769 = ORIENTED_EDGE ( 'NONE', *, *, #1184, .T. ) ;
#770 = PRESENTATION_LAYER_ASSIGNMENT (  '', '', ( #2939 ) ) ;
#771 = DIRECTION ( 'NONE',  ( 0.0000000000000000000, 1.000000000000000000, 0.0000000000000000000 ) ) ;
#772 = CARTESIAN_POINT ( 'NONE',  ( -0.09842519685039370636, 0.1692913385826771977, -0.1181102362204721895 ) ) ;
#773 = ORIENTED_EDGE ( 'NONE', *, *, #1654, .F. ) ;
#774 = DIRECTION ( 'NONE',  ( 0.0000000000000000000, -3.444205370125730629E-17, -1.000000000000000000 ) ) ;
#775 = VERTEX_POINT ( 'NONE', #1032 ) ;
#776 =( NAMED_UNIT ( * ) SI_UNIT ( $, .STERADIAN. ) SOLID_ANGLE_UNIT ( ) );
#777 = DIMENSIONAL_EXPONENTS ( 1.000000000000000000, 0.0000000000000000000, 0.0000000000000000000, 0.0000000000000000000, 0.0000000000000000000, 0.0000000000000000000, 0.0000000000000000000 ) ;
#778 = DIRECTION ( 'NONE',  ( 3.469446951953614189E-16, 0.0000000000000000000, -1.000000000000000000 ) ) ;
#779 = CARTESIAN_POINT ( 'NONE',  ( -0.3506425376491807411, -0.3469608829148316809, -0.04921259842519684624 ) ) ;
#780 = CARTESIAN_POINT ( 'NONE',  ( -0.3934990221278217293, -0.1574803149606298913, -0.05905511811023624047 ) ) ;
#781 = ORIENTED_EDGE ( 'NONE', *, *, #225, .F. ) ;
#782 = ADVANCED_FACE ( 'NONE', ( #1691 ), #1483, .F. ) ;
#783 = DIRECTION ( 'NONE',  ( -0.0000000000000000000, -0.0000000000000000000, -1.000000000000000000 ) ) ;
#784 = CARTESIAN_POINT ( 'NONE',  ( -0.2755905511811023723, 0.0000000000000000000, 0.0000000000000000000 ) ) ;
#785 = VERTEX_POINT ( 'NONE', #322 ) ;
#786 = UNCERTAINTY_MEASURE_WITH_UNIT (LENGTH_MEASURE( 1.000000000000000082E-05 ), #1348, 'distance_accuracy_value', 'NONE');
#787 = LENGTH_MEASURE_WITH_UNIT ( LENGTH_MEASURE( 0.02539999999999999897 ), #66 );
#788 =( LENGTH_UNIT ( ) NAMED_UNIT ( * ) SI_UNIT ( $, .METRE. ) );
#789 = CARTESIAN_POINT ( 'NONE',  ( -0.03937007874015747977, 0.1102362204724409572, -0.1771653543307084022 ) ) ;
#790 = ORIENTED_EDGE ( 'NONE', *, *, #2454, .F. ) ;
#791 = FACE_OUTER_BOUND ( 'NONE', #713, .T. ) ;
#792 = FILL_AREA_STYLE ('',( #2811 ) ) ;
#793 =( NAMED_UNIT ( * ) SI_UNIT ( $, .STERADIAN. ) SOLID_ANGLE_UNIT ( ) );
#794 = DIRECTION ( 'NONE',  ( -1.000000000000000000, -0.0000000000000000000, -0.0000000000000000000 ) ) ;
#795 =( NAMED_UNIT ( * ) PLANE_ANGLE_UNIT ( ) SI_UNIT ( $, .RADIAN. ) );
#796 =( LENGTH_UNIT ( ) NAMED_UNIT ( * ) SI_UNIT ( $, .METRE. ) );
#797 = ORIENTED_EDGE ( 'NONE', *, *, #1541, .F. ) ;
#798 = FILL_AREA_STYLE_COLOUR ( '', #2660 ) ;
#799 = ORIENTED_EDGE ( 'NONE', *, *, #1537, .F. ) ;
#800 = PRESENTATION_LAYER_ASSIGNMENT (  '', '', ( #1284 ) ) ;
#801 = DIRECTION ( 'NONE',  ( 0.0000000000000000000, -1.000000000000000000, -5.396917480816735111E-15 ) ) ;
#802 = CARTESIAN_POINT ( 'NONE',  ( -0.2755905511811023723, 0.0000000000000000000, 0.0000000000000000000 ) ) ;
#803 = ORIENTED_EDGE ( 'NONE', *, *, #2078, .F. ) ;
#804 = PRESENTATION_STYLE_ASSIGNMENT (( #2823 ) ) ;
#805 = VECTOR ( 'NONE', #1778, 39.37007874015748143 ) ;
#806 =( LENGTH_UNIT ( ) NAMED_UNIT ( * ) SI_UNIT ( $, .METRE. ) );
#807 = DIRECTION ( 'NONE',  ( 0.0000000000000000000, 5.519574696289841831E-16, 1.000000000000000000 ) ) ;
#808 = CARTESIAN_POINT ( 'NONE',  ( -0.3110236220472440416, -0.2559055118110236671, 0.04921259842519686012 ) ) ;
#809 = VECTOR ( 'NONE', #1712, 39.37007874015748143 ) ;
#810 = CARTESIAN_POINT ( 'NONE',  ( -0.2125984251968503769, -0.2559055118110236671, -0.04921259842519686012 ) ) ;
#811 = EDGE_CURVE ( 'NONE', #1132, #123, #1240, .T. ) ;
#812 = FILL_AREA_STYLE ('',( #314 ) ) ;
#813 = LINE ( 'NONE', #1507, #2381 ) ;
#814 = MECHANICAL_DESIGN_GEOMETRIC_PRESENTATION_REPRESENTATION (  '', ( #2509 ), #1820 ) ;
#815 = VECTOR ( 'NONE', #1962, 39.37007874015748143 ) ;
#816 = ORIENTED_EDGE ( 'NONE', *, *, #512, .F. ) ;
#817 = CIRCLE ( 'NONE', #2888, 0.04921259842519682542 ) ;
#818 = PRESENTATION_STYLE_ASSIGNMENT (( #1990 ) ) ;
#819 = ORIENTED_EDGE ( 'NONE', *, *, #2450, .T. ) ;
#820 = UNCERTAINTY_MEASURE_WITH_UNIT (LENGTH_MEASURE( 1.000000000000000082E-05 ), #657, 'distance_accuracy_value', 'NONE');
#821 = MECHANICAL_DESIGN_GEOMETRIC_PRESENTATION_REPRESENTATION (  '', ( #681 ), #394 ) ;
#822 = ADVANCED_FACE ( 'NONE', ( #2134 ), #523, .T. ) ;
#823 = DIRECTION ( 'NONE',  ( 0.7808688094430291660, -0.6246950475544255088, 0.0000000000000000000 ) ) ;
#824 = CARTESIAN_POINT ( 'NONE',  ( -0.03937007874015747977, 0.1102362204724409017, 0.1181102362204721895 ) ) ;
#825 =( NAMED_UNIT ( * ) PLANE_ANGLE_UNIT ( ) SI_UNIT ( $, .RADIAN. ) );
#826 = EDGE_CURVE ( 'NONE', #975, #2166, #1608, .T. ) ;
#827 = FILL_AREA_STYLE ('',( #1089 ) ) ;
#828 = FILL_AREA_STYLE ('',( #1796 ) ) ;
#829 = LINE ( 'NONE', #2683, #2008 ) ;
#830 = FACE_OUTER_BOUND ( 'NONE', #1048, .T. ) ;
#831 = PRESENTATION_STYLE_ASSIGNMENT (( #2447 ) ) ;
#832 = ORIENTED_EDGE ( 'NONE', *, *, #2060, .T. ) ;
#833 = ORIENTED_EDGE ( 'NONE', *, *, #154, .F. ) ;
#834 = FILL_AREA_STYLE_COLOUR ( '', #1189 ) ;
#835 = EDGE_LOOP ( 'NONE', ( #1486, #1028 ) ) ;
#836 = CARTESIAN_POINT ( 'NONE',  ( -0.03937007874015747977, 0.1102362204724409017, 0.1181102362204721895 ) ) ;
#837 =( NAMED_UNIT ( * ) SI_UNIT ( $, .STERADIAN. ) SOLID_ANGLE_UNIT ( ) );
#838 = FILL_AREA_STYLE ('',( #2887 ) ) ;
#839 = ADVANCED_FACE ( 'NONE', ( #87 ), #1417, .F. ) ;
#840 = SURFACE_SIDE_STYLE ('',( #2662 ) ) ;
#841 = DIRECTION ( 'NONE',  ( 0.0000000000000000000, 0.0000000000000000000, -1.000000000000000000 ) ) ;
#842 = EDGE_LOOP ( 'NONE', ( #504, #1498, #1655, #1579, #1907, #120 ) ) ;
#843 = UNCERTAINTY_MEASURE_WITH_UNIT (LENGTH_MEASURE( 1.000000000000000082E-05 ), #2546, 'distance_accuracy_value', 'NONE');
#844 = LINE ( 'NONE', #1749, #2241 ) ;
#845 = CARTESIAN_POINT ( 'NONE',  ( -0.03937007874015747977, 5.544660704801009331E-18, -0.04133858267716535029 ) ) ;
#846 = EDGE_CURVE ( 'NONE', #1627, #2101, #973, .T. ) ;
#847 = FACE_OUTER_BOUND ( 'NONE', #502, .T. ) ;
#848 = ORIENTED_EDGE ( 'NONE', *, *, #1607, .F. ) ;
#849 = COLOUR_RGB ( '',0.7450980392156862919, 0.7450980392156862919, 0.7450980392156862919 ) ;
#850 = SURFACE_STYLE_FILL_AREA ( #827 ) ;
#851 = MECHANICAL_DESIGN_GEOMETRIC_PRESENTATION_REPRESENTATION (  '', ( #2144 ), #2048 ) ;
#852 = AXIS2_PLACEMENT_3D ( 'NONE', #179, #1303, #1512 ) ;
#853 = DIRECTION ( 'NONE',  ( 0.0000000000000000000, 2.365532012695645724E-16, -1.000000000000000000 ) ) ;
#854 = CARTESIAN_POINT ( 'NONE',  ( -0.5192027583072978958, -0.3937007874015748254, 0.02695852825733910385 ) ) ;
#855 = VECTOR ( 'NONE', #2707, 39.37007874015748143 ) ;
#856 = VECTOR ( 'NONE', #2541, 39.37007874015748143 ) ;
#857 = STYLED_ITEM ( 'NONE', ( #518 ), #858 ) ;
#858 = ADVANCED_FACE ( 'NONE', ( #2337 ), #23, .F. ) ;
#859 = LENGTH_MEASURE_WITH_UNIT ( LENGTH_MEASURE( 0.02539999999999999897 ), #2621 );
#860 = ORIENTED_EDGE ( 'NONE', *, *, #468, .F. ) ;
#861 = STYLED_ITEM ( 'NONE', ( #1753 ), #999 ) ;
#862 = STYLED_ITEM ( 'NONE', ( #2291 ), #2506 ) ;
#863 = LINE ( 'NONE', #2668, #1332 ) ;
#864 = SURFACE_STYLE_FILL_AREA ( #2880 ) ;
#865 =( LENGTH_UNIT ( ) NAMED_UNIT ( * ) SI_UNIT ( $, .METRE. ) );
#866 = ORIENTED_EDGE ( 'NONE', *, *, #630, .T. ) ;
#867 =( GEOMETRIC_REPRESENTATION_CONTEXT ( 3 ) GLOBAL_UNCERTAINTY_ASSIGNED_CONTEXT ( ( #341 ) ) GLOBAL_UNIT_ASSIGNED_CONTEXT ( ( #214, #1835, #1800 ) ) REPRESENTATION_CONTEXT ( 'NONE', 'WORKASPACE' ) );
#868 = DIRECTION ( 'NONE',  ( 0.0000000000000000000, 0.0000000000000000000, 1.000000000000000000 ) ) ;
#869 = FACE_OUTER_BOUND ( 'NONE', #133, .T. ) ;
#870 = CIRCLE ( 'NONE', #733, 0.01574803149606296415 ) ;
#871 = CARTESIAN_POINT ( 'NONE',  ( -0.3567805331810624536, -0.3518712793403370176, -0.04865562475641743712 ) ) ;
#872 = CARTESIAN_POINT ( 'NONE',  ( -0.4857391518583076828, -0.3518712793403370176, 0.05648703686204293445 ) ) ;
#873 =( LENGTH_UNIT ( ) NAMED_UNIT ( * ) SI_UNIT ( $, .METRE. ) );
#874 = ORIENTED_EDGE ( 'NONE', *, *, #1023, .T. ) ;
#875 = EDGE_CURVE ( 'NONE', #972, #1861, #2539, .T. ) ;
#876 = DIRECTION ( 'NONE',  ( 1.000000000000000000, 0.0000000000000000000, 0.0000000000000000000 ) ) ;
#877 = ORIENTED_EDGE ( 'NONE', *, *, #2306, .T. ) ;
#878 = LENGTH_MEASURE_WITH_UNIT ( LENGTH_MEASURE( 0.02539999999999999897 ), #1975 );
#879 = LINE ( 'NONE', #437, #855 ) ;
#880 = CARTESIAN_POINT ( 'NONE',  ( -0.3475516702261137181, -0.3444881889763780070, 0.04921259842519682542 ) ) ;
#881 = SURFACE_STYLE_USAGE ( .BOTH. , #1112 ) ;
#882 = LENGTH_MEASURE_WITH_UNIT ( LENGTH_MEASURE( 0.02539999999999999897 ), #2871 );
#883 = LENGTH_MEASURE_WITH_UNIT ( LENGTH_MEASURE( 0.02539999999999999897 ), #425 );
#884 = ORIENTED_EDGE ( 'NONE', *, *, #118, .T. ) ;
#885 = DIMENSIONAL_EXPONENTS ( 1.000000000000000000, 0.0000000000000000000, 0.0000000000000000000, 0.0000000000000000000, 0.0000000000000000000, 0.0000000000000000000, 0.0000000000000000000 ) ;
#886 = SURFACE_STYLE_FILL_AREA ( #2896 ) ;
#887 = EDGE_CURVE ( 'NONE', #2876, #2135, #2508, .T. ) ;
#888 = DIRECTION ( 'NONE',  ( 0.0000000000000000000, 0.0000000000000000000, -1.000000000000000000 ) ) ;
#889 = VERTEX_POINT ( 'NONE', #236 ) ;
#890 = DIRECTION ( 'NONE',  ( 1.000000000000000000, 0.0000000000000000000, 0.0000000000000000000 ) ) ;
#891 = ADVANCED_FACE ( 'NONE', ( #2494 ), #731, .F. ) ;
#892 = CARTESIAN_POINT ( 'NONE',  ( -0.1377952755905511861, 0.1771653543307086798, -0.1771653543307086243 ) ) ;
#893 = LINE ( 'NONE', #2031, #1060 ) ;
#894 = CARTESIAN_POINT ( 'NONE',  ( -0.5078740157480314821, -0.3543307086614174151, 0.05567769930602737422 ) ) ;
#895 = CARTESIAN_POINT ( 'NONE',  ( -0.5472440944881890035, -0.2559055118110236671, 0.05905511811023622659 ) ) ;
#896 = AXIS2_PLACEMENT_3D ( 'NONE', #122, #2819, #649 ) ;
#897 =( BOUNDED_CURVE ( )  B_SPLINE_CURVE ( 3, ( #934, #707, #1350, #679 ),
 .UNSPECIFIED., .F., .T. ) 
 B_SPLINE_CURVE_WITH_KNOTS ( ( 4, 4 ),
 ( 1.570796326794896558, 1.910633236249019928 ),
 .UNSPECIFIED. ) 
 CURVE ( )  GEOMETRIC_REPRESENTATION_ITEM ( )  RATIONAL_B_SPLINE_CURVE ( ( 1.000000000000000000, 0.9903990397689923508, 0.9903990397689923508, 1.000000000000000000 ) ) 
 REPRESENTATION_ITEM ( '' )  );
#898 =( NAMED_UNIT ( * ) SI_UNIT ( $, .STERADIAN. ) SOLID_ANGLE_UNIT ( ) );
#899 = EDGE_LOOP ( 'NONE', ( #2779, #1594, #736, #1248 ) ) ;
#900 = COLOUR_RGB ( '',0.2509803921568627416, 0.2509803921568627416, 0.2509803921568627416 ) ;
#901 = STYLED_ITEM ( 'NONE', ( #1016 ), #822 ) ;
#902 = SURFACE_SIDE_STYLE ('',( #1174 ) ) ;
#903 = MECHANICAL_DESIGN_GEOMETRIC_PRESENTATION_REPRESENTATION (  '', ( #20 ), #1576 ) ;
#904 = VERTEX_POINT ( 'NONE', #1877 ) ;
#905 = ADVANCED_FACE ( 'NONE', ( #485 ), #1636, .F. ) ;
#906 = VECTOR ( 'NONE', #182, 39.37007874015748143 ) ;
#907 =( NAMED_UNIT ( * ) PLANE_ANGLE_UNIT ( ) SI_UNIT ( $, .RADIAN. ) );
#908 = DIMENSIONAL_EXPONENTS ( 1.000000000000000000, 0.0000000000000000000, 0.0000000000000000000, 0.0000000000000000000, 0.0000000000000000000, 0.0000000000000000000, 0.0000000000000000000 ) ;
#909 =( CONVERSION_BASED_UNIT ( 'INCH', #723 ) LENGTH_UNIT ( ) NAMED_UNIT ( #984 ) );
#910 = CIRCLE ( 'NONE', #2702, 0.1614173228346456601 ) ;
#911 = EDGE_CURVE ( 'NONE', #987, #2839, #2573, .T. ) ;
#912 =( NAMED_UNIT ( * ) PLANE_ANGLE_UNIT ( ) SI_UNIT ( $, .RADIAN. ) );
#913 = DIRECTION ( 'NONE',  ( 3.469446951953614189E-16, 0.0000000000000000000, -1.000000000000000000 ) ) ;
#914 = FILL_AREA_STYLE ('',( #2275 ) ) ;
#915 = VERTEX_POINT ( 'NONE', #763 ) ;
#916 = DIRECTION ( 'NONE',  ( 1.000000000000000000, 0.0000000000000000000, 0.0000000000000000000 ) ) ;
#917 = ORIENTED_EDGE ( 'NONE', *, *, #729, .F. ) ;
#918 = DIRECTION ( 'NONE',  ( 3.469446951953614189E-16, 0.0000000000000000000, -1.000000000000000000 ) ) ;
#919 = DIRECTION ( 'NONE',  ( -1.000000000000000000, -0.0000000000000000000, -0.0000000000000000000 ) ) ;
#920 = DIRECTION ( 'NONE',  ( 0.0000000000000000000, 0.0000000000000000000, -1.000000000000000000 ) ) ;
#921 = PLANE ( 'NONE',  #1445 ) ;
#922 = PLANE ( 'NONE',  #1867 ) ;
#923 = SURFACE_STYLE_USAGE ( .BOTH. , #1137 ) ;
#924 = EDGE_CURVE ( 'NONE', #2741, #2529, #1457, .T. ) ;
#925 = CARTESIAN_POINT ( 'NONE',  ( -0.3346456692913385433, -0.3543307086614174151, 0.05905511811023622659 ) ) ;
#926 = DIRECTION ( 'NONE',  ( 0.0000000000000000000, -1.000000000000000000, -3.444205370125740490E-17 ) ) ;
#927 = ORIENTED_EDGE ( 'NONE', *, *, #2267, .F. ) ;
#928 = DIRECTION ( 'NONE',  ( 0.0000000000000000000, 0.0000000000000000000, -1.000000000000000000 ) ) ;
#929 = ORIENTED_EDGE ( 'NONE', *, *, #1807, .F. ) ;
#930 = EDGE_CURVE ( 'NONE', #2688, #1160, #2375, .T. ) ;
#931 = DIRECTION ( 'NONE',  ( -0.7808688094430292770, -0.6246950475544255088, -1.806121940531848983E-16 ) ) ;
#932 = DIRECTION ( 'NONE',  ( -0.0000000000000000000, -1.000000000000000000, -0.0000000000000000000 ) ) ;
#933 = LINE ( 'NONE', #2354, #2829 ) ;
#934 = CARTESIAN_POINT ( 'NONE',  ( -0.5324803149606298636, -0.3346456692913385988, -0.05905511811023622659 ) ) ;
#935 = DIRECTION ( 'NONE',  ( 0.0000000000000000000, 1.000000000000000000, 0.0000000000000000000 ) ) ;
#936 =( GEOMETRIC_REPRESENTATION_CONTEXT ( 3 ) GLOBAL_UNCERTAINTY_ASSIGNED_CONTEXT ( ( #2014 ) ) GLOBAL_UNIT_ASSIGNED_CONTEXT ( ( #2657, #1998, #1554 ) ) REPRESENTATION_CONTEXT ( 'NONE', 'WORKASPACE' ) );
#937 = EDGE_CURVE ( 'NONE', #123, #2395, #1231, .T. ) ;
#938 = FACE_OUTER_BOUND ( 'NONE', #622, .T. ) ;
#939 = FILL_AREA_STYLE_COLOUR ( '', #487 ) ;
#940 = VECTOR ( 'NONE', #771, 39.37007874015748143 ) ;
#941 = ORIENTED_EDGE ( 'NONE', *, *, #42, .F. ) ;
#942 = DIMENSIONAL_EXPONENTS ( 1.000000000000000000, 0.0000000000000000000, 0.0000000000000000000, 0.0000000000000000000, 0.0000000000000000000, 0.0000000000000000000, 0.0000000000000000000 ) ;
#943 = ADVANCED_FACE ( 'NONE', ( #582 ), #1505, .F. ) ;
#944 = PRESENTATION_LAYER_ASSIGNMENT (  '', '', ( #2144 ) ) ;
#945 = MECHANICAL_DESIGN_GEOMETRIC_PRESENTATION_REPRESENTATION (  '', ( #2328 ), #997 ) ;
#946 = SURFACE_STYLE_FILL_AREA ( #1234 ) ;
#947 = ORIENTED_EDGE ( 'NONE', *, *, #2746, .F. ) ;
#948 = STYLED_ITEM ( 'NONE', ( #1423 ), #1739 ) ;
#949 = FILL_AREA_STYLE_COLOUR ( '', #1903 ) ;
#950 =( NAMED_UNIT ( * ) PLANE_ANGLE_UNIT ( ) SI_UNIT ( $, .RADIAN. ) );
#951 = DIRECTION ( 'NONE',  ( 0.0000000000000000000, 1.000000000000000000, 0.0000000000000000000 ) ) ;
#952 = CARTESIAN_POINT ( 'NONE',  ( -0.09842519685039370636, 0.1692913385826771977, -0.1181102362204721895 ) ) ;
#953 = VECTOR ( 'NONE', #1461, 39.37007874015748143 ) ;
#954 = MECHANICAL_DESIGN_GEOMETRIC_PRESENTATION_REPRESENTATION (  '', ( #2568 ), #99 ) ;
#955 = DIRECTION ( 'NONE',  ( 0.7808688094430299431, -0.6246950475544247317, 0.0000000000000000000 ) ) ;
#956 = PRESENTATION_STYLE_ASSIGNMENT (( #260 ) ) ;
#957 = STYLED_ITEM ( 'NONE', ( #804 ), #2946 ) ;
#958 = ORIENTED_EDGE ( 'NONE', *, *, #50, .T. ) ;
#959 = UNCERTAINTY_MEASURE_WITH_UNIT (LENGTH_MEASURE( 1.000000000000000082E-05 ), #2218, 'distance_accuracy_value', 'NONE');
#960 = LENGTH_MEASURE_WITH_UNIT ( LENGTH_MEASURE( 0.02539999999999999897 ), #287 );
#961 = SURFACE_STYLE_USAGE ( .BOTH. , #1192 ) ;
#962 = EDGE_LOOP ( 'NONE', ( #147, #2110, #877, #1980 ) ) ;
#963 = EDGE_CURVE ( 'NONE', #2606, #2094, #1473, .T. ) ;
#964 = FILL_AREA_STYLE_COLOUR ( '', #1854 ) ;
#965 = DIMENSIONAL_EXPONENTS ( 1.000000000000000000, 0.0000000000000000000, 0.0000000000000000000, 0.0000000000000000000, 0.0000000000000000000, 0.0000000000000000000, 0.0000000000000000000 ) ;
#966 = FILL_AREA_STYLE ('',( #2777 ) ) ;
#967 = CARTESIAN_POINT ( 'NONE',  ( 0.0000000000000000000, 1.566969329617676785E-17, 0.1279527559055118335 ) ) ;
#968 = DIRECTION ( 'NONE',  ( -3.469446951953614189E-16, 0.0000000000000000000, 1.000000000000000000 ) ) ;
#969 = CARTESIAN_POINT ( 'NONE',  ( -0.5472440944881890035, -0.2559055118110236671, 0.05905511811023622659 ) ) ;
#970 = FILL_AREA_STYLE_COLOUR ( '', #1723 ) ;
#971 = FACE_OUTER_BOUND ( 'NONE', #2186, .T. ) ;
#972 = VERTEX_POINT ( 'NONE', #2769 ) ;
#973 = LINE ( 'NONE', #503, #1912 ) ;
#974 = PLANE ( 'NONE',  #2339 ) ;
#975 = VERTEX_POINT ( 'NONE', #1040 ) ;
#976 = DIRECTION ( 'NONE',  ( -1.000000000000000000, -0.0000000000000000000, -0.0000000000000000000 ) ) ;
#977 = DIRECTION ( 'NONE',  ( 1.000000000000000000, 0.0000000000000000000, 0.0000000000000000000 ) ) ;
#978 = CARTESIAN_POINT ( 'NONE',  ( -0.03937007874015747977, 0.1102362204724409572, -0.1181102362204721895 ) ) ;
#979 = ORIENTED_EDGE ( 'NONE', *, *, #1261, .T. ) ;
#980 =( LENGTH_UNIT ( ) NAMED_UNIT ( * ) SI_UNIT ( $, .METRE. ) );
#981 = EDGE_CURVE ( 'NONE', #2787, #1662, #1097, .T. ) ;
#982 = ORIENTED_EDGE ( 'NONE', *, *, #321, .T. ) ;
#983 = LENGTH_MEASURE_WITH_UNIT ( LENGTH_MEASURE( 0.02539999999999999897 ), #2107 );
#984 = DIMENSIONAL_EXPONENTS ( 1.000000000000000000, 0.0000000000000000000, 0.0000000000000000000, 0.0000000000000000000, 0.0000000000000000000, 0.0000000000000000000, 0.0000000000000000000 ) ;
#985 = SURFACE_STYLE_FILL_AREA ( #1022 ) ;
#986 = FACE_OUTER_BOUND ( 'NONE', #2497, .T. ) ;
#987 = VERTEX_POINT ( 'NONE', #103 ) ;
#988 = UNCERTAINTY_MEASURE_WITH_UNIT (LENGTH_MEASURE( 1.000000000000000082E-05 ), #2304, 'distance_accuracy_value', 'NONE');
#989 =( GEOMETRIC_REPRESENTATION_CONTEXT ( 3 ) GLOBAL_UNCERTAINTY_ASSIGNED_CONTEXT ( ( #2563 ) ) GLOBAL_UNIT_ASSIGNED_CONTEXT ( ( #39, #309, #2119 ) ) REPRESENTATION_CONTEXT ( 'NONE', 'WORKASPACE' ) );
#990 = SURFACE_STYLE_USAGE ( .BOTH. , #2338 ) ;
#991 = ORIENTED_EDGE ( 'NONE', *, *, #735, .F. ) ;
#992 = UNCERTAINTY_MEASURE_WITH_UNIT (LENGTH_MEASURE( 1.000000000000000082E-05 ), #1513, 'distance_accuracy_value', 'NONE');
#993 =( GEOMETRIC_REPRESENTATION_CONTEXT ( 3 ) GLOBAL_UNCERTAINTY_ASSIGNED_CONTEXT ( ( #303 ) ) GLOBAL_UNIT_ASSIGNED_CONTEXT ( ( #1589, #2524, #2484 ) ) REPRESENTATION_CONTEXT ( 'NONE', 'WORKASPACE' ) );
#994 = MECHANICAL_DESIGN_GEOMETRIC_PRESENTATION_REPRESENTATION (  '', ( #266 ), #2148 ) ;
#995 = DIRECTION ( 'NONE',  ( 1.000000000000000000, 0.0000000000000000000, 0.0000000000000000000 ) ) ;
#996 =( GEOMETRIC_REPRESENTATION_CONTEXT ( 3 ) GLOBAL_UNCERTAINTY_ASSIGNED_CONTEXT ( ( #992 ) ) GLOBAL_UNIT_ASSIGNED_CONTEXT ( ( #1513, #369, #1316 ) ) REPRESENTATION_CONTEXT ( 'NONE', 'WORKASPACE' ) );
#997 =( GEOMETRIC_REPRESENTATION_CONTEXT ( 3 ) GLOBAL_UNCERTAINTY_ASSIGNED_CONTEXT ( ( #400 ) ) GLOBAL_UNIT_ASSIGNED_CONTEXT ( ( #1073, #2024, #1785 ) ) REPRESENTATION_CONTEXT ( 'NONE', 'WORKASPACE' ) );
#998 = VERTEX_POINT ( 'NONE', #297 ) ;
#999 = ADVANCED_FACE ( 'NONE', ( #1218 ), #2123, .F. ) ;
#1000 =( GEOMETRIC_REPRESENTATION_CONTEXT ( 3 ) GLOBAL_UNCERTAINTY_ASSIGNED_CONTEXT ( ( #2877 ) ) GLOBAL_UNIT_ASSIGNED_CONTEXT ( ( #1745, #1338, #2859 ) ) REPRESENTATION_CONTEXT ( 'NONE', 'WORKASPACE' ) );
#1001 =( GEOMETRIC_REPRESENTATION_CONTEXT ( 3 ) GLOBAL_UNCERTAINTY_ASSIGNED_CONTEXT ( ( #47 ) ) GLOBAL_UNIT_ASSIGNED_CONTEXT ( ( #1466, #1940, #2807 ) ) REPRESENTATION_CONTEXT ( 'NONE', 'WORKASPACE' ) );
#1002 = ORIENTED_EDGE ( 'NONE', *, *, #388, .F. ) ;
#1003 = CARTESIAN_POINT ( 'NONE',  ( -0.5314960629921260393, 0.0000000000000000000, -0.1614173228346456601 ) ) ;
#1004 = CARTESIAN_POINT ( 'NONE',  ( -0.2755905511811023723, 0.0000000000000000000, 0.0000000000000000000 ) ) ;
#1005 = COLOUR_RGB ( '',0.7450980392156862919, 0.7450980392156862919, 0.7450980392156862919 ) ;
#1006 = EDGE_CURVE ( 'NONE', #2575, #1526, #2455, .T. ) ;
#1007 = AXIS2_PLACEMENT_3D ( 'NONE', #1873, #2696, #693 ) ;
#1008 = LENGTH_MEASURE_WITH_UNIT ( LENGTH_MEASURE( 0.02539999999999999897 ), #1729 );
#1009 = CARTESIAN_POINT ( 'NONE',  ( -0.5314960629921260393, 0.08267716535433072833, 0.05905511811023622659 ) ) ;
#1010 = DIRECTION ( 'NONE',  ( 0.0000000000000000000, 1.000000000000000000, 0.0000000000000000000 ) ) ;
#1011 = ORIENTED_EDGE ( 'NONE', *, *, #71, .T. ) ;
#1012 =( GEOMETRIC_REPRESENTATION_CONTEXT ( 3 ) GLOBAL_UNCERTAINTY_ASSIGNED_CONTEXT ( ( #2130 ) ) GLOBAL_UNIT_ASSIGNED_CONTEXT ( ( #1968, #1578, #898 ) ) REPRESENTATION_CONTEXT ( 'NONE', 'WORKASPACE' ) );
#1013 = CARTESIAN_POINT ( 'NONE',  ( -0.5669291338582678197, -0.2559055118110236671, -0.05905511811023624047 ) ) ;
#1014 = EDGE_LOOP ( 'NONE', ( #1405, #2410, #73, #109 ) ) ;
#1015 = MECHANICAL_DESIGN_GEOMETRIC_PRESENTATION_REPRESENTATION (  '', ( #957 ), #192 ) ;
#1016 = PRESENTATION_STYLE_ASSIGNMENT (( #96 ) ) ;
#1017 = LINE ( 'NONE', #789, #724 ) ;
#1018 = EDGE_LOOP ( 'NONE', ( #2670, #391, #1969, #300 ) ) ;
#1019 = LINE ( 'NONE', #1265, #1991 ) ;
#1020 = PLANE ( 'NONE',  #2240 ) ;
#1021 = CARTESIAN_POINT ( 'NONE',  ( -0.1377952755905511861, 0.1771653543307086798, -0.1771653543307086243 ) ) ;
#1022 = FILL_AREA_STYLE ('',( #57 ) ) ;
#1023 = EDGE_CURVE ( 'NONE', #2529, #785, #675, .T. ) ;
#1024 = DIRECTION ( 'NONE',  ( 0.0000000000000000000, 0.0000000000000000000, 1.000000000000000000 ) ) ;
#1025 = CARTESIAN_POINT ( 'NONE',  ( -0.3475516702261137181, -0.3444881889763780070, -0.04921259842519682542 ) ) ;
#1026 = ORIENTED_EDGE ( 'NONE', *, *, #2521, .F. ) ;
#1027 =( LENGTH_UNIT ( ) NAMED_UNIT ( * ) SI_UNIT ( $, .METRE. ) );
#1028 = ORIENTED_EDGE ( 'NONE', *, *, #2486, .T. ) ;
#1029 = UNCERTAINTY_MEASURE_WITH_UNIT (LENGTH_MEASURE( 1.000000000000000082E-05 ), #1881, 'distance_accuracy_value', 'NONE');
#1030 = DIRECTION ( 'NONE',  ( 0.0000000000000000000, 0.0000000000000000000, -1.000000000000000000 ) ) ;
#1031 =( LENGTH_UNIT ( ) NAMED_UNIT ( * ) SI_UNIT ( $, .METRE. ) );
#1032 = CARTESIAN_POINT ( 'NONE',  ( -0.09842519685039370636, 0.1102362204724409572, -0.1181102362204721895 ) ) ;
#1033 = PLANE ( 'NONE',  #1200 ) ;
#1034 = ORIENTED_EDGE ( 'NONE', *, *, #1974, .T. ) ;
#1035 = SURFACE_STYLE_USAGE ( .BOTH. , #113 ) ;
#1036 = EDGE_CURVE ( 'NONE', #1801, #2851, #2003, .T. ) ;
#1037 = PRESENTATION_STYLE_ASSIGNMENT (( #114 ) ) ;
#1038 = CARTESIAN_POINT ( 'NONE',  ( -0.5072711644195556646, -0.3346456692913385988, -0.05905511811023622659 ) ) ;
#1039 = DIRECTION ( 'NONE',  ( 1.000000000000000000, 0.0000000000000000000, 0.0000000000000000000 ) ) ;
#1040 = CARTESIAN_POINT ( 'NONE',  ( -0.2755905511811023723, 1.566969329617676785E-17, 0.1279527559055118335 ) ) ;
#1041 = LINE ( 'NONE', #583, #1194 ) ;
#1042 = ORIENTED_EDGE ( 'NONE', *, *, #2478, .T. ) ;
#1043 = EDGE_CURVE ( 'NONE', #2146, #1627, #1420, .T. ) ;
#1044 = ORIENTED_EDGE ( 'NONE', *, *, #1755, .F. ) ;
#1045 = CIRCLE ( 'NONE', #374, 0.02952755905511813758 ) ;
#1046 = FILL_AREA_STYLE_COLOUR ( '', #328 ) ;
#1047 = PRESENTATION_STYLE_ASSIGNMENT (( #2652 ) ) ;
#1048 = EDGE_LOOP ( 'NONE', ( #490, #1916, #1143, #2805 ) ) ;
#1049 = VECTOR ( 'NONE', #1914, 39.37007874015748143 ) ;
#1050 = LINE ( 'NONE', #836, #2086 ) ;
#1051 = AXIS2_PLACEMENT_3D ( 'NONE', #600, #778, #351 ) ;
#1052 =( LENGTH_UNIT ( ) NAMED_UNIT ( * ) SI_UNIT ( $, .METRE. ) );
#1053 = VECTOR ( 'NONE', #350, 39.37007874015748143 ) ;
#1054 = DIRECTION ( 'NONE',  ( 0.0000000000000000000, 0.0000000000000000000, 1.000000000000000000 ) ) ;
#1055 = PRESENTATION_STYLE_ASSIGNMENT (( #129 ) ) ;
#1056 = CARTESIAN_POINT ( 'NONE',  ( -0.3223425196850394081, -0.3444881889763780070, -0.04921259842519682542 ) ) ;
#1057 = VECTOR ( 'NONE', #510, 39.37007874015748143 ) ;
#1058 = MECHANICAL_DESIGN_GEOMETRIC_PRESENTATION_REPRESENTATION (  '', ( #2389 ), #2737 ) ;
#1059 = ORIENTED_EDGE ( 'NONE', *, *, #105, .F. ) ;
#1060 = VECTOR ( 'NONE', #1153, 39.37007874015748143 ) ;
#1061 =( GEOMETRIC_REPRESENTATION_CONTEXT ( 3 ) GLOBAL_UNCERTAINTY_ASSIGNED_CONTEXT ( ( #1480 ) ) GLOBAL_UNIT_ASSIGNED_CONTEXT ( ( #2276, #1162, #2057 ) ) REPRESENTATION_CONTEXT ( 'NONE', 'WORKASPACE' ) );
#1062 = ORIENTED_EDGE ( 'NONE', *, *, #2608, .F. ) ;
#1063 = FACE_OUTER_BOUND ( 'NONE', #2441, .T. ) ;
#1064 = EDGE_CURVE ( 'NONE', #289, #1228, #829, .T. ) ;
#1065 = PRESENTATION_STYLE_ASSIGNMENT (( #2017 ) ) ;
#1066 = ORIENTED_EDGE ( 'NONE', *, *, #1607, .T. ) ;
#1067 = SHAPE_DEFINITION_REPRESENTATION ( #2804, #1319 ) ;
#1068 = PRESENTATION_LAYER_ASSIGNMENT (  '', '', ( #957 ) ) ;
#1069 = CARTESIAN_POINT ( 'NONE',  ( -0.5669291338582678197, 7.231927286352638368E-19, -0.1614173228346456601 ) ) ;
#1070 = LINE ( 'NONE', #1977, #1913 ) ;
#1071 = CARTESIAN_POINT ( 'NONE',  ( -0.5314960629921260393, 0.06692913385826773642, -0.05905511811023622659 ) ) ;
#1072 = CARTESIAN_POINT ( 'NONE',  ( -0.4927312043443803913, -0.3462776373514788730, 0.05819280691135700345 ) ) ;
#1073 =( CONVERSION_BASED_UNIT ( 'INCH', #1817 ) LENGTH_UNIT ( ) NAMED_UNIT ( #705 ) );
#1074 = ORIENTED_EDGE ( 'NONE', *, *, #321, .F. ) ;
#1075 = PLANE ( 'NONE',  #1824 ) ;
#1076 = EDGE_LOOP ( 'NONE', ( #816, #543, #2305, #2137 ) ) ;
#1077 =( NAMED_UNIT ( * ) PLANE_ANGLE_UNIT ( ) SI_UNIT ( $, .RADIAN. ) );
#1078 = CARTESIAN_POINT ( 'NONE',  ( -0.4507874015748031815, -0.3444881889763780070, -0.1771653543307083745 ) ) ;
#1079 = DIRECTION ( 'NONE',  ( 1.084202172485506406E-15, 0.0000000000000000000, -1.000000000000000000 ) ) ;
#1080 = EDGE_CURVE ( 'NONE', #2380, #2224, #2857, .T. ) ;
#1081 = DIRECTION ( 'NONE',  ( 1.000000000000000000, 0.0000000000000000000, 0.0000000000000000000 ) ) ;
#1082 = CARTESIAN_POINT ( 'NONE',  ( -0.2755905511811023723, 6.026805113914140175E-18, 0.04921259842519685318 ) ) ;
#1083 = DIRECTION ( 'NONE',  ( -1.000000000000000000, 0.0000000000000000000, 0.0000000000000000000 ) ) ;
#1084 = EDGE_LOOP ( 'NONE', ( #2588, #2712, #2181, #745 ) ) ;
#1085 = UNCERTAINTY_MEASURE_WITH_UNIT (LENGTH_MEASURE( 1.000000000000000082E-05 ), #1851, 'distance_accuracy_value', 'NONE');
#1086 = CARTESIAN_POINT ( 'NONE',  ( -0.04724409448818899654, 0.0000000000000000000, 0.0000000000000000000 ) ) ;
#1087 =( CONVERSION_BASED_UNIT ( 'INCH', #594 ) LENGTH_UNIT ( ) NAMED_UNIT ( #2266 ) );
#1088 = ORIENTED_EDGE ( 'NONE', *, *, #149, .F. ) ;
#1089 = FILL_AREA_STYLE_COLOUR ( '', #2234 ) ;
#1090 = SURFACE_SIDE_STYLE ('',( #2629 ) ) ;
#1091 = VECTOR ( 'NONE', #2898, 39.37007874015748143 ) ;
#1092 = CARTESIAN_POINT ( 'NONE',  ( -0.5472440944881890035, -0.2559055118110236671, -0.05905511811023624047 ) ) ;
#1093 = EDGE_CURVE ( 'NONE', #1235, #1163, #1784, .T. ) ;
#1094 = COLOUR_RGB ( '',0.2509803921568627416, 0.2509803921568627416, 0.2509803921568627416 ) ;
#1095 = VECTOR ( 'NONE', #282, 39.37007874015748143 ) ;
#1096 = DIRECTION ( 'NONE',  ( -1.000000000000000000, -0.0000000000000000000, -0.0000000000000000000 ) ) ;
#1097 =( BOUNDED_CURVE ( )  B_SPLINE_CURVE ( 3, ( #1253, #1947, #2163, #536 ),
 .UNSPECIFIED., .F., .T. ) 
 B_SPLINE_CURVE_WITH_KNOTS ( ( 4, 4 ),
 ( 1.230959417340774298, 1.570796326794896558 ),
 .UNSPECIFIED. ) 
 CURVE ( )  GEOMETRIC_REPRESENTATION_ITEM ( )  RATIONAL_B_SPLINE_CURVE ( ( 1.000000000000000000, 0.9903990397689925729, 0.9903990397689925729, 1.000000000000000000 ) ) 
 REPRESENTATION_ITEM ( '' )  );
#1098 = FILL_AREA_STYLE_COLOUR ( '', #1621 ) ;
#1099 = ADVANCED_FACE ( 'NONE', ( #1336 ), #1310, .T. ) ;
#1100 = VECTOR ( 'NONE', #172, 39.37007874015748143 ) ;
#1101 = DIRECTION ( 'NONE',  ( 1.000000000000000000, 0.0000000000000000000, 0.0000000000000000000 ) ) ;
#1102 = ORIENTED_EDGE ( 'NONE', *, *, #245, .F. ) ;
#1103 =( GEOMETRIC_REPRESENTATION_CONTEXT ( 3 ) GLOBAL_UNCERTAINTY_ASSIGNED_CONTEXT ( ( #1895 ) ) GLOBAL_UNIT_ASSIGNED_CONTEXT ( ( #2355, #2369, #137 ) ) REPRESENTATION_CONTEXT ( 'NONE', 'WORKASPACE' ) );
#1104 = VECTOR ( 'NONE', #339, 39.37007874015748143 ) ;
#1105 = CYLINDRICAL_SURFACE ( 'NONE', #1139, 0.04921259842519682542 ) ;
#1106 = ORIENTED_EDGE ( 'NONE', *, *, #1282, .F. ) ;
#1107 = PLANE ( 'NONE',  #2881 ) ;
#1108 = VECTOR ( 'NONE', #624, 39.37007874015748143 ) ;
#1109 = PRESENTATION_STYLE_ASSIGNMENT (( #1556 ) ) ;
#1110 = PRODUCT_DEFINITION ( 'UNKNOWN', '', #2019, #2723 ) ;
#1111 = LENGTH_MEASURE_WITH_UNIT ( LENGTH_MEASURE( 0.02539999999999999897 ), #2232 );
#1112 = SURFACE_SIDE_STYLE ('',( #2034 ) ) ;
#1113 =( BOUNDED_CURVE ( )  B_SPLINE_CURVE ( 3, ( #872, #2446, #854, #1337 ),
 .UNSPECIFIED., .F., .T. ) 
 B_SPLINE_CURVE_WITH_KNOTS ( ( 4, 4 ),
 ( 1.866786384522183484, 3.141592653589793116 ),
 .UNSPECIFIED. ) 
 CURVE ( )  GEOMETRIC_REPRESENTATION_ITEM ( )  RATIONAL_B_SPLINE_CURVE ( ( 1.000000000000000000, 0.8690959252068664043, 0.8690959252068664043, 1.000000000000000000 ) ) 
 REPRESENTATION_ITEM ( '' )  );
#1114 = ORIENTED_EDGE ( 'NONE', *, *, #2536, .T. ) ;
#1115 = UNCERTAINTY_MEASURE_WITH_UNIT (LENGTH_MEASURE( 1.000000000000000082E-05 ), #1857, 'distance_accuracy_value', 'NONE');
#1116 = FILL_AREA_STYLE ('',( #1046 ) ) ;
#1117 = CARTESIAN_POINT ( 'NONE',  ( -0.3346456692913385433, -0.3543307086614174151, -0.04821830202329085296 ) ) ;
#1118 = ORIENTED_EDGE ( 'NONE', *, *, #1184, .F. ) ;
#1119 = LINE ( 'NONE', #2519, #1852 ) ;
#1120 = PLANE ( 'NONE',  #577 ) ;
#1121 = CARTESIAN_POINT ( 'NONE',  ( -0.5472440944881890035, -0.1574803149606298913, -0.05905511811023624047 ) ) ;
#1122 = CARTESIAN_POINT ( 'NONE',  ( -0.5072711644195556646, -0.3346456692913385988, -0.05905511811023622659 ) ) ;
#1123 = ADVANCED_FACE ( 'NONE', ( #189 ), #2890, .T. ) ;
#1124 = DIRECTION ( 'NONE',  ( 0.0000000000000000000, 0.0000000000000000000, 1.000000000000000000 ) ) ;
#1125 =( LENGTH_UNIT ( ) NAMED_UNIT ( * ) SI_UNIT ( $, .METRE. ) );
#1126 =( NAMED_UNIT ( * ) SI_UNIT ( $, .STERADIAN. ) SOLID_ANGLE_UNIT ( ) );
#1127 = PLANE ( 'NONE',  #540 ) ;
#1128 = ORIENTED_EDGE ( 'NONE', *, *, #139, .F. ) ;
#1129 = ADVANCED_FACE ( 'NONE', ( #1135 ), #922, .F. ) ;
#1130 = CARTESIAN_POINT ( 'NONE',  ( -0.2125984251968503769, -0.3444881889763780070, 0.0000000000000000000 ) ) ;
#1131 = DIRECTION ( 'NONE',  ( 0.0000000000000000000, 0.0000000000000000000, -1.000000000000000000 ) ) ;
#1132 = VERTEX_POINT ( 'NONE', #1155 ) ;
#1133 = ADVANCED_FACE ( 'NONE', ( #2733 ), #1352, .F. ) ;
#1134 = DIRECTION ( 'NONE',  ( 0.0000000000000000000, -1.000000000000000000, 0.0000000000000000000 ) ) ;
#1135 = FACE_OUTER_BOUND ( 'NONE', #2597, .T. ) ;
#1136 = AXIS2_PLACEMENT_3D ( 'NONE', #2219, #1781, #1740 ) ;
#1137 = SURFACE_SIDE_STYLE ('',( #2066 ) ) ;
#1138 = DIMENSIONAL_EXPONENTS ( 1.000000000000000000, 0.0000000000000000000, 0.0000000000000000000, 0.0000000000000000000, 0.0000000000000000000, 0.0000000000000000000, 0.0000000000000000000 ) ;
#1139 = AXIS2_PLACEMENT_3D ( 'NONE', #1130, #203, #1803 ) ;
#1140 =( CONVERSION_BASED_UNIT ( 'INCH', #1183 ) LENGTH_UNIT ( ) NAMED_UNIT ( #1138 ) );
#1141 = VECTOR ( 'NONE', #1081, 39.37007874015748143 ) ;
#1142 = PRESENTATION_STYLE_ASSIGNMENT (( #669 ) ) ;
#1143 = ORIENTED_EDGE ( 'NONE', *, *, #2615, .F. ) ;
#1144 = PRESENTATION_LAYER_ASSIGNMENT (  '', '', ( #2693 ) ) ;
#1145 = PRESENTATION_LAYER_ASSIGNMENT (  '', '', ( #857 ) ) ;
#1146 = VECTOR ( 'NONE', #2538, 39.37007874015748143 ) ;
#1147 = VERTEX_POINT ( 'NONE', #1038 ) ;
#1148 = VECTOR ( 'NONE', #447, 39.37007874015748143 ) ;
#1149 = EDGE_CURVE ( 'NONE', #2741, #2824, #751, .T. ) ;
#1150 = CARTESIAN_POINT ( 'NONE',  ( -0.5314960629921260393, -0.3152657504332823657, 0.05905511811023622659 ) ) ;
#1151 = LINE ( 'NONE', #1631, #2873 ) ;
#1152 = DIRECTION ( 'NONE',  ( 1.000000000000000000, 0.0000000000000000000, 0.0000000000000000000 ) ) ;
#1153 = DIRECTION ( 'NONE',  ( 0.0000000000000000000, -1.000000000000000000, 2.891205793294676847E-16 ) ) ;
#1154 = MECHANICAL_DESIGN_GEOMETRIC_PRESENTATION_REPRESENTATION (  '', ( #1680 ), #1967 ) ;
#1155 = CARTESIAN_POINT ( 'NONE',  ( -0.3720472440944881942, -0.3444881889763780070, -0.1771653543307083745 ) ) ;
#1156 = AXIS2_PLACEMENT_3D ( 'NONE', #575, #53, #70 ) ;
#1157 =( BOUNDED_CURVE ( )  B_SPLINE_CURVE ( 3, ( #2855, #2659, #654, #1122 ),
 .UNSPECIFIED., .F., .T. ) 
 B_SPLINE_CURVE_WITH_KNOTS ( ( 4, 4 ),
 ( 4.416398922657402970, 4.712388980384689674 ),
 .UNSPECIFIED. ) 
 CURVE ( )  GEOMETRIC_REPRESENTATION_ITEM ( )  RATIONAL_B_SPLINE_CURVE ( ( 1.000000000000000000, 0.9927124729954954763, 0.9927124729954954763, 1.000000000000000000 ) ) 
 REPRESENTATION_ITEM ( '' )  );
#1158 =( NAMED_UNIT ( * ) SI_UNIT ( $, .STERADIAN. ) SOLID_ANGLE_UNIT ( ) );
#1159 = CARTESIAN_POINT ( 'NONE',  ( -0.3346456692913385433, -0.3543307086614174151, 0.04821830202329090154 ) ) ;
#1160 = VERTEX_POINT ( 'NONE', #2358 ) ;
#1161 = EDGE_CURVE ( 'NONE', #91, #2158, #1471, .T. ) ;
#1162 =( NAMED_UNIT ( * ) PLANE_ANGLE_UNIT ( ) SI_UNIT ( $, .RADIAN. ) );
#1163 = VERTEX_POINT ( 'NONE', #1643 ) ;
#1164 = DIRECTION ( 'NONE',  ( 0.0000000000000000000, 1.000000000000000000, 1.927470528863119049E-16 ) ) ;
#1165 = FILL_AREA_STYLE ('',( #1613 ) ) ;
#1166 = DIRECTION ( 'NONE',  ( 0.0000000000000000000, -1.000000000000000000, 0.0000000000000000000 ) ) ;
#1167 = EDGE_CURVE ( 'NONE', #688, #2895, #2571, .T. ) ;
#1168 =( CONVERSION_BASED_UNIT ( 'INCH', #496 ) LENGTH_UNIT ( ) NAMED_UNIT ( #2514 ) );
#1169 = EDGE_CURVE ( 'NONE', #2150, #1560, #2697, .T. ) ;
#1170 = FILL_AREA_STYLE_COLOUR ( '', #335 ) ;
#1171 = LINE ( 'NONE', #1205, #428 ) ;
#1172 = SURFACE_STYLE_FILL_AREA ( #299 ) ;
#1173 = ORIENTED_EDGE ( 'NONE', *, *, #170, .T. ) ;
#1174 = SURFACE_STYLE_FILL_AREA ( #690 ) ;
#1175 = ORIENTED_EDGE ( 'NONE', *, *, #6, .F. ) ;
#1176 = FILL_AREA_STYLE_COLOUR ( '', #1565 ) ;
#1177 = FACE_OUTER_BOUND ( 'NONE', #842, .T. ) ;
#1178 = DIMENSIONAL_EXPONENTS ( 1.000000000000000000, 0.0000000000000000000, 0.0000000000000000000, 0.0000000000000000000, 0.0000000000000000000, 0.0000000000000000000, 0.0000000000000000000 ) ;
#1179 = CARTESIAN_POINT ( 'NONE',  ( -0.5314960629921260393, -0.3152657504332823657, -0.05905511811023622659 ) ) ;
#1180 = SURFACE_STYLE_USAGE ( .BOTH. , #2085 ) ;
#1181 = LENGTH_MEASURE_WITH_UNIT ( LENGTH_MEASURE( 0.02539999999999999897 ), #1125 );
#1182 =( NAMED_UNIT ( * ) SI_UNIT ( $, .STERADIAN. ) SOLID_ANGLE_UNIT ( ) );
#1183 = LENGTH_MEASURE_WITH_UNIT ( LENGTH_MEASURE( 0.02539999999999999897 ), #1834 );
#1184 = EDGE_CURVE ( 'NONE', #2606, #2883, #2373, .T. ) ;
#1185 =( LENGTH_UNIT ( ) NAMED_UNIT ( * ) SI_UNIT ( $, .METRE. ) );
#1186 = SURFACE_STYLE_USAGE ( .BOTH. , #1619 ) ;
#1187 = LINE ( 'NONE', #501, #346 ) ;
#1188 = ORIENTED_EDGE ( 'NONE', *, *, #2572, .T. ) ;
#1189 = COLOUR_RGB ( '',0.4117647058823529216, 0.4117647058823529216, 0.4117647058823529216 ) ;
#1190 = VECTOR ( 'NONE', #1164, 39.37007874015748143 ) ;
#1191 = DIRECTION ( 'NONE',  ( 0.0000000000000000000, 0.0000000000000000000, -1.000000000000000000 ) ) ;
#1192 = SURFACE_SIDE_STYLE ('',( #946 ) ) ;
#1193 = VERTEX_POINT ( 'NONE', #1656 ) ;
#1194 = VECTOR ( 'NONE', #59, 39.37007874015748143 ) ;
#1195 = COLOUR_RGB ( '',0.7450980392156862919, 0.7450980392156862919, 0.7450980392156862919 ) ;
#1196 = AXIS2_PLACEMENT_3D ( 'NONE', #1004, #2346, #56 ) ;
#1197 = SURFACE_STYLE_USAGE ( .BOTH. , #1672 ) ;
#1198 = VECTOR ( 'NONE', #2159, 39.37007874015748143 ) ;
#1199 = LINE ( 'NONE', #1422, #2835 ) ;
#1200 = AXIS2_PLACEMENT_3D ( 'NONE', #2612, #152, #1273 ) ;
#1201 = CARTESIAN_POINT ( 'NONE',  ( -0.5314960629921260393, -0.3152657504332823657, 0.05905511811023622659 ) ) ;
#1202 = STYLED_ITEM ( 'NONE', ( #2635 ), #2646 ) ;
#1203 = DIMENSIONAL_EXPONENTS ( 1.000000000000000000, 0.0000000000000000000, 0.0000000000000000000, 0.0000000000000000000, 0.0000000000000000000, 0.0000000000000000000, 0.0000000000000000000 ) ;
#1204 = PRESENTATION_STYLE_ASSIGNMENT (( #281 ) ) ;
#1205 = CARTESIAN_POINT ( 'NONE',  ( -0.5669291338582678197, -0.1574803149606298913, -0.1771653543307086798 ) ) ;
#1206 = ORIENTED_EDGE ( 'NONE', *, *, #267, .F. ) ;
#1207 = LINE ( 'NONE', #288, #1104 ) ;
#1208 = VERTEX_POINT ( 'NONE', #1945 ) ;
#1209 =( BOUNDED_CURVE ( )  B_SPLINE_CURVE ( 3, ( #2172, #1437, #1213, #38 ),
 .UNSPECIFIED., .F., .T. ) 
 B_SPLINE_CURVE_WITH_KNOTS ( ( 4, 4 ),
 ( 3.141592653589793116, 4.372552070930566970 ),
 .UNSPECIFIED. ) 
 CURVE ( )  GEOMETRIC_REPRESENTATION_ITEM ( )  RATIONAL_B_SPLINE_CURVE ( ( 1.000000000000000000, 0.8776643872851508377, 0.8776643872851508377, 1.000000000000000000 ) ) 
 REPRESENTATION_ITEM ( '' )  );
#1210 =( LENGTH_UNIT ( ) NAMED_UNIT ( * ) SI_UNIT ( $, .METRE. ) );
#1211 = FACE_BOUND ( 'NONE', #1446, .T. ) ;
#1212 =( NAMED_UNIT ( * ) PLANE_ANGLE_UNIT ( ) SI_UNIT ( $, .RADIAN. ) );
#1213 = CARTESIAN_POINT ( 'NONE',  ( -0.5274080032405269458, -0.3787481930270367725, 0.04704481491880439098 ) ) ;
#1214 = ORIENTED_EDGE ( 'NONE', *, *, #1559, .T. ) ;
#1215 =( LENGTH_UNIT ( ) NAMED_UNIT ( * ) SI_UNIT ( $, .METRE. ) );
#1216 = LINE ( 'NONE', #969, #1435 ) ;
#1217 = LINE ( 'NONE', #1021, #2385 ) ;
#1218 = FACE_OUTER_BOUND ( 'NONE', #2570, .T. ) ;
#1219 =( CONVERSION_BASED_UNIT ( 'INCH', #565 ) LENGTH_UNIT ( ) NAMED_UNIT ( #1599 ) );
#1220 = CARTESIAN_POINT ( 'NONE',  ( -0.03937007874015747977, 0.1102362204724409017, 0.1771653543307084022 ) ) ;
#1221 = CYLINDRICAL_SURFACE ( 'NONE', #1585, 0.04921259842519682542 ) ;
#1222 = ORIENTED_EDGE ( 'NONE', *, *, #924, .F. ) ;
#1223 = VERTEX_POINT ( 'NONE', #2345 ) ;
#1224 = LINE ( 'NONE', #65, #2923 ) ;
#1225 = EDGE_CURVE ( 'NONE', #758, #1801, #1216, .T. ) ;
#1226 = DIRECTION ( 'NONE',  ( -0.7808688094430292770, 0.6246950475544255088, 0.0000000000000000000 ) ) ;
#1227 = CARTESIAN_POINT ( 'NONE',  ( -0.3567805331810624536, -0.3518712793403370176, -0.04865562475641743712 ) ) ;
#1228 = VERTEX_POINT ( 'NONE', #1003 ) ;
#1229 = DIRECTION ( 'NONE',  ( 0.0000000000000000000, -3.444205370125740490E-17, 1.000000000000000000 ) ) ;
#1230 = SURFACE_STYLE_FILL_AREA ( #1696 ) ;
#1231 = LINE ( 'NONE', #2552, #1053 ) ;
#1232 =( LENGTH_UNIT ( ) NAMED_UNIT ( * ) SI_UNIT ( $, .METRE. ) );
#1233 = ORIENTED_EDGE ( 'NONE', *, *, #2065, .F. ) ;
#1234 = FILL_AREA_STYLE ('',( #768 ) ) ;
#1235 = VERTEX_POINT ( 'NONE', #55 ) ;
#1236 = UNCERTAINTY_MEASURE_WITH_UNIT (LENGTH_MEASURE( 1.000000000000000082E-05 ), #2899, 'distance_accuracy_value', 'NONE');
#1237 = VECTOR ( 'NONE', #2761, 39.37007874015748854 ) ;
#1238 = AXIS2_PLACEMENT_3D ( 'NONE', #2115, #505, #1030 ) ;
#1239 = CARTESIAN_POINT ( 'NONE',  ( -0.03937007874015747977, 0.0000000000000000000, 0.04133858267716535029 ) ) ;
#1240 = LINE ( 'NONE', #2595, #224 ) ;
#1241 = DIRECTION ( 'NONE',  ( -1.000000000000000000, -0.0000000000000000000, -0.0000000000000000000 ) ) ;
#1242 = PRESENTATION_LAYER_ASSIGNMENT (  '', '', ( #2553 ) ) ;
#1243 = PRESENTATION_LAYER_ASSIGNMENT (  '', '', ( #2328 ) ) ;
#1244 = EDGE_LOOP ( 'NONE', ( #1722, #2758, #929, #790 ) ) ;
#1245 =( NAMED_UNIT ( * ) SI_UNIT ( $, .STERADIAN. ) SOLID_ANGLE_UNIT ( ) );
#1246 = CONICAL_SURFACE ( 'NONE', #382, 0.04133858267716535029, 0.7853981633974477239 ) ;
#1247 = STYLED_ITEM ( 'NONE', ( #2935 ), #891 ) ;
#1248 = ORIENTED_EDGE ( 'NONE', *, *, #508, .F. ) ;
#1249 = CARTESIAN_POINT ( 'NONE',  ( -0.4857391518583076828, -0.3518712793403370176, -0.05905511811023622659 ) ) ;
#1250 = PRESENTATION_STYLE_ASSIGNMENT (( #1902 ) ) ;
#1251 = PRESENTATION_LAYER_ASSIGNMENT (  '', '', ( #134 ) ) ;
#1252 = COLOUR_RGB ( '',0.2509803921568627416, 0.2509803921568627416, 0.2509803921568627416 ) ;
#1253 = CARTESIAN_POINT ( 'NONE',  ( -0.5078740157480314821, -0.3543307086614174151, 0.05567769930602737422 ) ) ;
#1254 =( LENGTH_UNIT ( ) NAMED_UNIT ( * ) SI_UNIT ( $, .METRE. ) );
#1255 = LINE ( 'NONE', #1949, #1485 ) ;
#1256 = ORIENTED_EDGE ( 'NONE', *, *, #1623, .T. ) ;
#1257 = VECTOR ( 'NONE', #1101, 39.37007874015748143 ) ;
#1258 = COLOUR_RGB ( '',0.7450980392156862919, 0.7450980392156862919, 0.7450980392156862919 ) ;
#1259 = FILL_AREA_STYLE_COLOUR ( '', #2151 ) ;
#1260 = LENGTH_MEASURE_WITH_UNIT ( LENGTH_MEASURE( 0.02539999999999999897 ), #1865 );
#1261 = EDGE_CURVE ( 'NONE', #972, #1358, #1919, .T. ) ;
#1262 = EDGE_LOOP ( 'NONE', ( #2349, #183 ) ) ;
#1263 = LENGTH_MEASURE_WITH_UNIT ( LENGTH_MEASURE( 0.02539999999999999897 ), #1210 );
#1264 = VERTEX_POINT ( 'NONE', #2767 ) ;
#1265 = CARTESIAN_POINT ( 'NONE',  ( -0.09842519685039370636, 0.1102362204724409017, 0.1771653543307084022 ) ) ;
#1266 = EDGE_CURVE ( 'NONE', #1147, #2158, #327, .T. ) ;
#1267 = CARTESIAN_POINT ( 'NONE',  ( -0.5669291338582678197, 0.1771653543307086798, -0.1771653543307086243 ) ) ;
#1268 = ADVANCED_FACE ( 'NONE', ( #101 ), #1020, .F. ) ;
#1269 = ORIENTED_EDGE ( 'NONE', *, *, #1282, .T. ) ;
#1270 = ORIENTED_EDGE ( 'NONE', *, *, #1994, .F. ) ;
#1271 = UNCERTAINTY_MEASURE_WITH_UNIT (LENGTH_MEASURE( 1.000000000000000082E-05 ), #430, 'distance_accuracy_value', 'NONE');
#1272 = CARTESIAN_POINT ( 'NONE',  ( -0.1377952755905511861, 0.1771653543307086243, 0.1771653543307087075 ) ) ;
#1273 = DIRECTION ( 'NONE',  ( 0.0000000000000000000, -9.637352644315595243E-17, 1.000000000000000000 ) ) ;
#1274 = ORIENTED_EDGE ( 'NONE', *, *, #2837, .F. ) ;
#1275 = FILL_AREA_STYLE ('',( #596 ) ) ;
#1276 = CARTESIAN_POINT ( 'NONE',  ( -0.09842519685039370636, 0.1102362204724409017, 0.1181102362204721895 ) ) ;
#1277 = SURFACE_STYLE_USAGE ( .BOTH. , #348 ) ;
#1278 =( NAMED_UNIT ( * ) SI_UNIT ( $, .STERADIAN. ) SOLID_ANGLE_UNIT ( ) );
#1279 = CARTESIAN_POINT ( 'NONE',  ( -0.3934990221278217293, -0.1574803149606298913, 0.05905511811023622659 ) ) ;
#1280 = CARTESIAN_POINT ( 'NONE',  ( -0.3305933461567748810, -0.3510888501537664519, -0.04888004362012800252 ) ) ;
#1281 = ORIENTED_EDGE ( 'NONE', *, *, #1301, .F. ) ;
#1282 = EDGE_CURVE ( 'NONE', #2224, #2575, #598, .T. ) ;
#1283 = ORIENTED_EDGE ( 'NONE', *, *, #2856, .T. ) ;
#1284 = STYLED_ITEM ( 'NONE', ( #405 ), #90 ) ;
#1285 = FACE_OUTER_BOUND ( 'NONE', #1758, .T. ) ;
#1286 = FILL_AREA_STYLE_COLOUR ( '', #1728 ) ;
#1287 = ORIENTED_EDGE ( 'NONE', *, *, #1628, .T. ) ;
#1288 = PRESENTATION_LAYER_ASSIGNMENT (  '', '', ( #2550 ) ) ;
#1289 = FILL_AREA_STYLE_COLOUR ( '', #2687 ) ;
#1290 =( LENGTH_UNIT ( ) NAMED_UNIT ( * ) SI_UNIT ( $, .METRE. ) );
#1291 = AXIS2_PLACEMENT_3D ( 'NONE', #2858, #683, #2684 ) ;
#1292 = PLANE ( 'NONE',  #2892 ) ;
#1293 = VECTOR ( 'NONE', #1390, 39.37007874015748143 ) ;
#1294 = CARTESIAN_POINT ( 'NONE',  ( -0.4999612308784063264, -0.3404936161242581028, 0.05905511811023620578 ) ) ;
#1295 = DIRECTION ( 'NONE',  ( 1.000000000000000000, 0.0000000000000000000, 0.0000000000000000000 ) ) ;
#1296 = VECTOR ( 'NONE', #2598, 39.37007874015748143 ) ;
#1297 = COLOUR_RGB ( '',0.2509803921568627416, 0.2509803921568627416, 0.2509803921568627416 ) ;
#1298 = STYLED_ITEM ( 'NONE', ( #403 ), #2418 ) ;
#1299 = CARTESIAN_POINT ( 'NONE',  ( -0.5324803149606298636, -0.3346456692913385988, -0.05905511811023622659 ) ) ;
#1300 = ORIENTED_EDGE ( 'NONE', *, *, #2521, .T. ) ;
#1301 = EDGE_CURVE ( 'NONE', #2158, #987, #1331, .T. ) ;
#1302 = VECTOR ( 'NONE', #516, 39.37007874015748143 ) ;
#1303 = DIRECTION ( 'NONE',  ( -0.6246950475544256198, 0.7808688094430293880, 0.0000000000000000000 ) ) ;
#1304 = CARTESIAN_POINT ( 'NONE',  ( -0.1377952755905511861, 1.807981821588045721E-19, -0.1771653543307076528 ) ) ;
#1305 = CARTESIAN_POINT ( 'NONE',  ( -0.5669291338582678197, 1.807981821588045721E-19, -0.1771653543307076528 ) ) ;
#1306 = ORIENTED_EDGE ( 'NONE', *, *, #1334, .F. ) ;
#1307 = MECHANICAL_DESIGN_GEOMETRIC_PRESENTATION_REPRESENTATION (  '', ( #2939 ), #1587 ) ;
#1308 = SURFACE_STYLE_FILL_AREA ( #2242 ) ;
#1309 = CARTESIAN_POINT ( 'NONE',  ( -0.4507874015748032370, -0.3444881889763780070, 0.003937007874015372409 ) ) ;
#1310 = PLANE ( 'NONE',  #725 ) ;
#1311 = CARTESIAN_POINT ( 'NONE',  ( -0.5314960629921260393, -0.1574803149606298913, 0.1771653543307089296 ) ) ;
#1312 =( CONVERSION_BASED_UNIT ( 'INCH', #2860 ) LENGTH_UNIT ( ) NAMED_UNIT ( #689 ) );
#1313 = ORIENTED_EDGE ( 'NONE', *, *, #2114, .F. ) ;
#1314 = EDGE_CURVE ( 'NONE', #1647, #1193, #1976, .T. ) ;
#1315 = CARTESIAN_POINT ( 'NONE',  ( -0.4212598425196851237, -0.3444881889763780070, -0.1771653543307083745 ) ) ;
#1316 =( NAMED_UNIT ( * ) SI_UNIT ( $, .STERADIAN. ) SOLID_ANGLE_UNIT ( ) );
#1317 = VERTEX_POINT ( 'NONE', #2886 ) ;
#1318 =( LENGTH_UNIT ( ) NAMED_UNIT ( * ) SI_UNIT ( $, .METRE. ) );
#1319 = ADVANCED_BREP_SHAPE_REPRESENTATION ( 'CUI_DEVICES_PJ-202BH', ( #1451, #2477 ), #2619 ) ;
#1320 = ADVANCED_FACE ( 'NONE', ( #869 ), #155, .T. ) ;
#1321 = CARTESIAN_POINT ( 'NONE',  ( -0.3720472440944881942, -0.3937007874015748254, -0.1771653543307083745 ) ) ;
#1322 = CARTESIAN_POINT ( 'NONE',  ( -0.09842519685039370636, 0.1771653543307087075, -0.1771653543307084022 ) ) ;
#1323 = FILL_AREA_STYLE_COLOUR ( '', #759 ) ;
#1324 = VERTEX_POINT ( 'NONE', #223 ) ;
#1325 = FACE_OUTER_BOUND ( 'NONE', #2401, .T. ) ;
#1326 = MECHANICAL_DESIGN_GEOMETRIC_PRESENTATION_REPRESENTATION (  '', ( #1476 ), #989 ) ;
#1327 = SURFACE_SIDE_STYLE ('',( #2452 ) ) ;
#1328 = ORIENTED_EDGE ( 'NONE', *, *, #1334, .T. ) ;
#1329 = PRODUCT_CONTEXT ( 'NONE', #1773, 'mechanical' ) ;
#1330 = CARTESIAN_POINT ( 'NONE',  ( -0.5669291338582678197, -0.1574803149606298913, -0.05905511811023624047 ) ) ;
#1331 = LINE ( 'NONE', #166, #2926 ) ;
#1332 = VECTOR ( 'NONE', #355, 39.37007874015748143 ) ;
#1333 = LINE ( 'NONE', #1767, #1733 ) ;
#1334 = EDGE_CURVE ( 'NONE', #54, #1462, #879, .T. ) ;
#1335 = AXIS2_PLACEMENT_3D ( 'NONE', #1359, #2461, #499 ) ;
#1336 = FACE_OUTER_BOUND ( 'NONE', #340, .T. ) ;
#1337 = CARTESIAN_POINT ( 'NONE',  ( -0.5192027583072978958, -0.3937007874015748254, 0.0000000000000000000 ) ) ;
#1338 =( NAMED_UNIT ( * ) PLANE_ANGLE_UNIT ( ) SI_UNIT ( $, .RADIAN. ) );
#1339 = PRESENTATION_LAYER_ASSIGNMENT (  '', '', ( #221 ) ) ;
#1340 = CARTESIAN_POINT ( 'NONE',  ( -0.5669291338582678197, 0.1771653543307086243, 0.1771653543307087075 ) ) ;
#1341 = ORIENTED_EDGE ( 'NONE', *, *, #555, .F. ) ;
#1342 = MECHANICAL_DESIGN_GEOMETRIC_PRESENTATION_REPRESENTATION (  '', ( #89 ), #1103 ) ;
#1343 = MECHANICAL_DESIGN_GEOMETRIC_PRESENTATION_REPRESENTATION (  '', ( #1634 ), #2473 ) ;
#1344 = EDGE_CURVE ( 'NONE', #1324, #1965, #2481, .T. ) ;
#1345 = DIRECTION ( 'NONE',  ( -0.0000000000000000000, -0.0000000000000000000, -1.000000000000000000 ) ) ;
#1346 = ORIENTED_EDGE ( 'NONE', *, *, #190, .F. ) ;
#1347 = VECTOR ( 'NONE', #2671, 39.37007874015748143 ) ;
#1348 =( CONVERSION_BASED_UNIT ( 'INCH', #2 ) LENGTH_UNIT ( ) NAMED_UNIT ( #2533 ) );
#1349 =( NAMED_UNIT ( * ) PLANE_ANGLE_UNIT ( ) SI_UNIT ( $, .RADIAN. ) );
#1350 = CARTESIAN_POINT ( 'NONE',  ( -0.5157960828017172927, -0.3479930550184688332, -0.05791839823989768099 ) ) ;
#1351 = LENGTH_MEASURE_WITH_UNIT ( LENGTH_MEASURE( 0.02539999999999999897 ), #2209 );
#1352 = PLANE ( 'NONE',  #534 ) ;
#1353 = ADVANCED_FACE ( 'NONE', ( #661 ), #1120, .F. ) ;
#1354 = CARTESIAN_POINT ( 'NONE',  ( -0.5669291338582678197, -0.1574803149606298913, 0.1771653543307089296 ) ) ;
#1355 = FILL_AREA_STYLE_COLOUR ( '', #2831 ) ;
#1356 = EDGE_CURVE ( 'NONE', #775, #1610, #1151, .T. ) ;
#1357 = FILL_AREA_STYLE_COLOUR ( '', #2161 ) ;
#1358 = VERTEX_POINT ( 'NONE', #2072 ) ;
#1359 = CARTESIAN_POINT ( 'NONE',  ( -0.5669291338582678197, -0.2559055118110236671, 0.1771653543307089296 ) ) ;
#1360 = CARTESIAN_POINT ( 'NONE',  ( -0.4704724409448819422, -0.3937007874015748254, -0.1771653543307083745 ) ) ;
#1361 = EDGE_LOOP ( 'NONE', ( #691, #1827, #1173, #2864 ) ) ;
#1362 = CARTESIAN_POINT ( 'NONE',  ( -0.5078740157480314821, -0.3543307086614174151, -0.05567769930602733258 ) ) ;
#1363 = DIRECTION ( 'NONE',  ( 0.0000000000000000000, 0.0000000000000000000, -1.000000000000000000 ) ) ;
#1364 =( NAMED_UNIT ( * ) PLANE_ANGLE_UNIT ( ) SI_UNIT ( $, .RADIAN. ) );
#1365 =( CONVERSION_BASED_UNIT ( 'INCH', #1181 ) LENGTH_UNIT ( ) NAMED_UNIT ( #1203 ) );
#1366 = CYLINDRICAL_SURFACE ( 'NONE', #1196, 0.1279527559055118335 ) ;
#1367 =( NAMED_UNIT ( * ) SI_UNIT ( $, .STERADIAN. ) SOLID_ANGLE_UNIT ( ) );
#1368 = PLANE ( 'NONE',  #1492 ) ;
#1369 = ORIENTED_EDGE ( 'NONE', *, *, #364, .F. ) ;
#1370 = EDGE_CURVE ( 'NONE', #1147, #2655, #2520, .T. ) ;
#1371 = DIMENSIONAL_EXPONENTS ( 1.000000000000000000, 0.0000000000000000000, 0.0000000000000000000, 0.0000000000000000000, 0.0000000000000000000, 0.0000000000000000000, 0.0000000000000000000 ) ;
#1372 = ORIENTED_EDGE ( 'NONE', *, *, #2893, .F. ) ;
#1373 = CARTESIAN_POINT ( 'NONE',  ( -0.5314960629921260393, -0.3152657504332823657, 0.05905511811023622659 ) ) ;
#1374 = LENGTH_MEASURE_WITH_UNIT ( LENGTH_MEASURE( 0.02539999999999999897 ), #2309 );
#1375 = CARTESIAN_POINT ( 'NONE',  ( -0.3720472440944881942, -0.1535433070866141780, -0.1929133858267720325 ) ) ;
#1376 =( NAMED_UNIT ( * ) SI_UNIT ( $, .STERADIAN. ) SOLID_ANGLE_UNIT ( ) );
#1377 = VECTOR ( 'NONE', #2020, 39.37007874015748143 ) ;
#1378 = DIRECTION ( 'NONE',  ( 0.7808688094430294990, 0.6246950475544253978, 0.0000000000000000000 ) ) ;
#1379 = EDGE_CURVE ( 'NONE', #2395, #2094, #325, .T. ) ;
#1380 = MECHANICAL_DESIGN_GEOMETRIC_PRESENTATION_REPRESENTATION (  '', ( #1491 ), #185 ) ;
#1381 = CIRCLE ( 'NONE', #896, 0.02952755905511813758 ) ;
#1382 = DIRECTION ( 'NONE',  ( 0.7808688094430292770, 0.6246950475544255088, 1.806121940531848983E-16 ) ) ;
#1383 = COLOUR_RGB ( '',0.2509803921568627416, 0.2509803921568627416, 0.2509803921568627416 ) ;
#1384 = AXIS2_PLACEMENT_3D ( 'NONE', #2933, #708, #1615 ) ;
#1385 = SURFACE_STYLE_FILL_AREA ( #2711 ) ;
#1386 = VERTEX_POINT ( 'NONE', #1612 ) ;
#1387 = UNCERTAINTY_MEASURE_WITH_UNIT (LENGTH_MEASURE( 1.000000000000000082E-05 ), #2900, 'distance_accuracy_value', 'NONE');
#1388 = VECTOR ( 'NONE', #443, 39.37007874015748143 ) ;
#1389 = MECHANICAL_DESIGN_GEOMETRIC_PRESENTATION_REPRESENTATION (  '', ( #901 ), #2554 ) ;
#1390 = DIRECTION ( 'NONE',  ( 1.000000000000000000, 0.0000000000000000000, 0.0000000000000000000 ) ) ;
#1391 = CARTESIAN_POINT ( 'NONE',  ( -0.09842519685039370636, 0.1102362204724409572, -0.1771653543307084022 ) ) ;
#1392 = PRESENTATION_LAYER_ASSIGNMENT (  '', '', ( #2656 ) ) ;
#1393 = AXIS2_PLACEMENT_3D ( 'NONE', #310, #2138, #1440 ) ;
#1394 = ORIENTED_EDGE ( 'NONE', *, *, #1755, .T. ) ;
#1395 = VECTOR ( 'NONE', #1406, 39.37007874015748143 ) ;
#1396 = CARTESIAN_POINT ( 'NONE',  ( -0.5314960629921260393, 0.08267716535433072833, 0.05905511811023622659 ) ) ;
#1397 = CARTESIAN_POINT ( 'NONE',  ( -0.03937007874015747977, 0.1102362204724409572, -0.1181102362204721895 ) ) ;
#1398 = EDGE_CURVE ( 'NONE', #289, #336, #2499, .T. ) ;
#1399 = DIRECTION ( 'NONE',  ( 1.000000000000000000, 0.0000000000000000000, 0.0000000000000000000 ) ) ;
#1400 =( LENGTH_UNIT ( ) NAMED_UNIT ( * ) SI_UNIT ( $, .METRE. ) );
#1401 = PRESENTATION_LAYER_ASSIGNMENT (  '', '', ( #2742 ) ) ;
#1402 =( CONVERSION_BASED_UNIT ( 'INCH', #2917 ) LENGTH_UNIT ( ) NAMED_UNIT ( #2280 ) );
#1403 =( NAMED_UNIT ( * ) PLANE_ANGLE_UNIT ( ) SI_UNIT ( $, .RADIAN. ) );
#1404 = CARTESIAN_POINT ( 'NONE',  ( -0.2755905511811023723, 0.0000000000000000000, 0.0000000000000000000 ) ) ;
#1405 = ORIENTED_EDGE ( 'NONE', *, *, #42, .T. ) ;
#1406 = DIRECTION ( 'NONE',  ( 0.0000000000000000000, 1.000000000000000000, 0.0000000000000000000 ) ) ;
#1407 = ORIENTED_EDGE ( 'NONE', *, *, #1261, .F. ) ;
#1408 = LINE ( 'NONE', #692, #173 ) ;
#1409 = CARTESIAN_POINT ( 'NONE',  ( -0.03937007874015747977, 0.1692913385826771422, 0.1181102362204722034 ) ) ;
#1410 = EDGE_CURVE ( 'NONE', #1223, #1208, #1850, .T. ) ;
#1411 = DIRECTION ( 'NONE',  ( -0.6246950475544252868, 0.7808688094430293880, 0.0000000000000000000 ) ) ;
#1412 = DIMENSIONAL_EXPONENTS ( 1.000000000000000000, 0.0000000000000000000, 0.0000000000000000000, 0.0000000000000000000, 0.0000000000000000000, 0.0000000000000000000, 0.0000000000000000000 ) ;
#1413 = LINE ( 'NONE', #1744, #2423 ) ;
#1414 = LENGTH_MEASURE_WITH_UNIT ( LENGTH_MEASURE( 0.02539999999999999897 ), #1860 );
#1415 = ORIENTED_EDGE ( 'NONE', *, *, #1833, .F. ) ;
#1416 = UNCERTAINTY_MEASURE_WITH_UNIT (LENGTH_MEASURE( 1.000000000000000082E-05 ), #909, 'distance_accuracy_value', 'NONE');
#1417 = PLANE ( 'NONE',  #478 ) ;
#1418 = FILL_AREA_STYLE_COLOUR ( '', #2056 ) ;
#1419 = ORIENTED_EDGE ( 'NONE', *, *, #280, .T. ) ;
#1420 =( BOUNDED_CURVE ( )  B_SPLINE_CURVE ( 3, ( #128, #1294, #1072, #2843 ),
 .UNSPECIFIED., .F., .T. ) 
 B_SPLINE_CURVE_WITH_KNOTS ( ( 4, 4 ),
 ( 4.712388980384689674, 5.008379038111975490 ),
 .UNSPECIFIED. ) 
 CURVE ( )  GEOMETRIC_REPRESENTATION_ITEM ( )  RATIONAL_B_SPLINE_CURVE ( ( 1.000000000000000000, 0.9927124729954956983, 0.9927124729954956983, 1.000000000000000000 ) ) 
 REPRESENTATION_ITEM ( '' )  );
#1421 = PLANE ( 'NONE',  #852 ) ;
#1422 = CARTESIAN_POINT ( 'NONE',  ( -0.3110236220472440416, -0.2559055118110236671, 0.05905511811023622659 ) ) ;
#1423 = PRESENTATION_STYLE_ASSIGNMENT (( #2492 ) ) ;
#1424 = ADVANCED_FACE ( 'NONE', ( #1211, #1452 ), #1651, .T. ) ;
#1425 = MECHANICAL_DESIGN_GEOMETRIC_PRESENTATION_REPRESENTATION (  '', ( #1523 ), #936 ) ;
#1426 = SURFACE_SIDE_STYLE ('',( #2526 ) ) ;
#1427 = LINE ( 'NONE', #2331, #2929 ) ;
#1428 = ADVANCED_FACE ( 'NONE', ( #1177 ), #306, .F. ) ;
#1429 = ORIENTED_EDGE ( 'NONE', *, *, #2114, .T. ) ;
#1430 = DIMENSIONAL_EXPONENTS ( 1.000000000000000000, 0.0000000000000000000, 0.0000000000000000000, 0.0000000000000000000, 0.0000000000000000000, 0.0000000000000000000, 0.0000000000000000000 ) ;
#1431 = SURFACE_STYLE_FILL_AREA ( #2149 ) ;
#1432 = VERTEX_POINT ( 'NONE', #2341 ) ;
#1433 =( GEOMETRIC_REPRESENTATION_CONTEXT ( 3 ) GLOBAL_UNCERTAINTY_ASSIGNED_CONTEXT ( ( #427 ) ) GLOBAL_UNIT_ASSIGNED_CONTEXT ( ( #2165, #764, #2125 ) ) REPRESENTATION_CONTEXT ( 'NONE', 'WORKASPACE' ) );
#1434 =( NAMED_UNIT ( * ) PLANE_ANGLE_UNIT ( ) SI_UNIT ( $, .RADIAN. ) );
#1435 = VECTOR ( 'NONE', #1887, 39.37007874015748143 ) ;
#1436 = DIRECTION ( 'NONE',  ( 3.469446951953614189E-16, 0.0000000000000000000, -1.000000000000000000 ) ) ;
#1437 = CARTESIAN_POINT ( 'NONE',  ( -0.5393700787401576324, -0.3937007874015748810, 0.02589865316166877970 ) ) ;
#1438 = PRESENTATION_LAYER_ASSIGNMENT (  '', '', ( #1298 ) ) ;
#1439 = PLANE ( 'NONE',  #1136 ) ;
#1440 = DIRECTION ( 'NONE',  ( 0.0000000000000000000, 0.0000000000000000000, -1.000000000000000000 ) ) ;
#1441 = DIRECTION ( 'NONE',  ( 0.0000000000000000000, -9.637352644315595243E-17, 1.000000000000000000 ) ) ;
#1442 = CIRCLE ( 'NONE', #235, 0.01574803149606296415 ) ;
#1443 = LENGTH_MEASURE_WITH_UNIT ( LENGTH_MEASURE( 0.02539999999999999897 ), #1185 );
#1444 = LINE ( 'NONE', #333, #809 ) ;
#1445 = AXIS2_PLACEMENT_3D ( 'NONE', #2342, #968, #294 ) ;
#1446 = EDGE_LOOP ( 'NONE', ( #765, #991 ) ) ;
#1447 = ADVANCED_FACE ( 'NONE', ( #1927 ), #2580, .F. ) ;
#1448 = CARTESIAN_POINT ( 'NONE',  ( -0.5472440944881890035, -0.3228346456692913202, 0.05905511811023622659 ) ) ;
#1449 = ORIENTED_EDGE ( 'NONE', *, *, #1591, .T. ) ;
#1450 = UNCERTAINTY_MEASURE_WITH_UNIT (LENGTH_MEASURE( 1.000000000000000082E-05 ), #1219, 'distance_accuracy_value', 'NONE');
#1451 = MANIFOLD_SOLID_BREP ( 'Cut-Extrude108', #1757 ) ;
#1452 = FACE_OUTER_BOUND ( 'NONE', #261, .T. ) ;
#1453 =( NAMED_UNIT ( * ) SI_UNIT ( $, .STERADIAN. ) SOLID_ANGLE_UNIT ( ) );
#1454 = LINE ( 'NONE', #2763, #2609 ) ;
#1455 = VERTEX_POINT ( 'NONE', #1972 ) ;
#1456 = CARTESIAN_POINT ( 'NONE',  ( 0.0000000000000000000, 0.1771653543307086243, 0.1771653543307087075 ) ) ;
#1457 = LINE ( 'NONE', #2399, #584 ) ;
#1458 = FILL_AREA_STYLE ('',( #2164 ) ) ;
#1459 = CARTESIAN_POINT ( 'NONE',  ( -0.4704724409448819422, -0.1535433070866141780, -0.1929133858267720603 ) ) ;
#1460 = ORIENTED_EDGE ( 'NONE', *, *, #937, .T. ) ;
#1461 = DIRECTION ( 'NONE',  ( 1.000000000000000000, 0.0000000000000000000, 0.0000000000000000000 ) ) ;
#1462 = VERTEX_POINT ( 'NONE', #1736 ) ;
#1463 = ADVANCED_FACE ( 'NONE', ( #1063 ), #1246, .T. ) ;
#1464 = FILL_AREA_STYLE ('',( #2320 ) ) ;
#1465 = PRESENTATION_STYLE_ASSIGNMENT (( #2566 ) ) ;
#1466 =( CONVERSION_BASED_UNIT ( 'INCH', #2762 ) LENGTH_UNIT ( ) NAMED_UNIT ( #1430 ) );
#1467 = SURFACE_SIDE_STYLE ('',( #560 ) ) ;
#1468 = ORIENTED_EDGE ( 'NONE', *, *, #1994, .T. ) ;
#1469 = APPLICATION_PROTOCOL_DEFINITION ( 'draft international standard', 'automotive_design', 1998, #1773 ) ;
#1470 = VERTEX_POINT ( 'NONE', #845 ) ;
#1471 = LINE ( 'NONE', #1201, #2250 ) ;
#1472 = DIRECTION ( 'NONE',  ( 0.0000000000000000000, 1.000000000000000000, 2.365532012695646217E-16 ) ) ;
#1473 = LINE ( 'NONE', #752, #2559 ) ;
#1474 = CARTESIAN_POINT ( 'NONE',  ( -0.4857391518583076828, -0.3518712793403370176, 0.05648703686204293445 ) ) ;
#1475 = VERTEX_POINT ( 'NONE', #1304 ) ;
#1476 = STYLED_ITEM ( 'NONE', ( #1037 ), #29 ) ;
#1477 = AXIS2_PLACEMENT_3D ( 'NONE', #1870, #2706, #491 ) ;
#1478 = CARTESIAN_POINT ( 'NONE',  ( -0.5314960629921260393, -0.1574803149606298913, -0.05905511811023624047 ) ) ;
#1479 = ORIENTED_EDGE ( 'NONE', *, *, #453, .F. ) ;
#1480 = UNCERTAINTY_MEASURE_WITH_UNIT (LENGTH_MEASURE( 1.000000000000000082E-05 ), #2276, 'distance_accuracy_value', 'NONE');
#1481 = ADVANCED_FACE ( 'NONE', ( #2184 ), #151, .F. ) ;
#1482 = LENGTH_MEASURE_WITH_UNIT ( LENGTH_MEASURE( 0.02539999999999999897 ), #94 );
#1483 = PLANE ( 'NONE',  #2930 ) ;
#1484 = DIRECTION ( 'NONE',  ( -0.0000000000000000000, -0.0000000000000000000, -1.000000000000000000 ) ) ;
#1485 = VECTOR ( 'NONE', #2377, 39.37007874015748143 ) ;
#1486 = ORIENTED_EDGE ( 'NONE', *, *, #2222, .T. ) ;
#1487 = AXIS2_PLACEMENT_3D ( 'NONE', #810, #1660, #548 ) ;
#1488 = ADVANCED_FACE ( 'NONE', ( #938 ), #2091, .F. ) ;
#1489 = LINE ( 'NONE', #2810, #169 ) ;
#1490 = CIRCLE ( 'NONE', #1676, 0.1279527559055118335 ) ;
#1491 = STYLED_ITEM ( 'NONE', ( #2471 ), #1129 ) ;
#1492 = AXIS2_PLACEMENT_3D ( 'NONE', #1340, #2919, #1593 ) ;
#1493 =( NAMED_UNIT ( * ) SI_UNIT ( $, .STERADIAN. ) SOLID_ANGLE_UNIT ( ) );
#1494 =( NAMED_UNIT ( * ) SI_UNIT ( $, .STERADIAN. ) SOLID_ANGLE_UNIT ( ) );
#1495 = DIRECTION ( 'NONE',  ( 1.000000000000000000, 0.0000000000000000000, 0.0000000000000000000 ) ) ;
#1496 = VERTEX_POINT ( 'NONE', #732 ) ;
#1497 =( GEOMETRIC_REPRESENTATION_CONTEXT ( 3 ) GLOBAL_UNCERTAINTY_ASSIGNED_CONTEXT ( ( #2938 ) ) GLOBAL_UNIT_ASSIGNED_CONTEXT ( ( #2535, #1364, #1376 ) ) REPRESENTATION_CONTEXT ( 'NONE', 'WORKASPACE' ) );
#1498 = ORIENTED_EDGE ( 'NONE', *, *, #2928, .F. ) ;
#1499 = DIRECTION ( 'NONE',  ( 0.0000000000000000000, 0.0000000000000000000, -1.000000000000000000 ) ) ;
#1500 = DIRECTION ( 'NONE',  ( -1.000000000000000000, 0.0000000000000000000, 0.0000000000000000000 ) ) ;
#1501 = SURFACE_STYLE_USAGE ( .BOTH. , #1652 ) ;
#1502 = CARTESIAN_POINT ( 'NONE',  ( -0.2952755905511810774, -0.2559055118110236671, 0.04921259842519686012 ) ) ;
#1503 = ORIENTED_EDGE ( 'NONE', *, *, #1036, .T. ) ;
#1504 = EDGE_CURVE ( 'NONE', #1935, #1734, #486, .T. ) ;
#1505 = PLANE ( 'NONE',  #470 ) ;
#1506 = LINE ( 'NONE', #2826, #16 ) ;
#1507 = CARTESIAN_POINT ( 'NONE',  ( -0.4980362984637098367, -0.3346456692913385988, 0.05905511811023622659 ) ) ;
#1508 = ORIENTED_EDGE ( 'NONE', *, *, #1603, .T. ) ;
#1509 = DIRECTION ( 'NONE',  ( 0.0000000000000000000, 0.0000000000000000000, 1.000000000000000000 ) ) ;
#1510 = ORIENTED_EDGE ( 'NONE', *, *, #1314, .T. ) ;
#1511 = UNCERTAINTY_MEASURE_WITH_UNIT (LENGTH_MEASURE( 1.000000000000000082E-05 ), #1517, 'distance_accuracy_value', 'NONE');
#1512 = DIRECTION ( 'NONE',  ( -0.7808688094430292770, -0.6246950475544255088, 0.0000000000000000000 ) ) ;
#1513 =( CONVERSION_BASED_UNIT ( 'INCH', #2624 ) LENGTH_UNIT ( ) NAMED_UNIT ( #2729 ) );
#1514 = EDGE_LOOP ( 'NONE', ( #1695, #1584, #1684, #1638, #2214, #1894 ) ) ;
#1515 =( NAMED_UNIT ( * ) SI_UNIT ( $, .STERADIAN. ) SOLID_ANGLE_UNIT ( ) );
#1516 = DIRECTION ( 'NONE',  ( -0.0000000000000000000, -1.000000000000000000, -0.0000000000000000000 ) ) ;
#1517 =( CONVERSION_BASED_UNIT ( 'INCH', #1743 ) LENGTH_UNIT ( ) NAMED_UNIT ( #885 ) );
#1518 = EDGE_CURVE ( 'NONE', #2438, #659, #2068, .T. ) ;
#1519 = CARTESIAN_POINT ( 'NONE',  ( -0.3110236220472440416, -0.2559055118110236671, -0.04921259842519686012 ) ) ;
#1520 = CARTESIAN_POINT ( 'NONE',  ( -0.2952755905511810774, -0.3228346456692913202, 0.05905511811023622659 ) ) ;
#1521 = VERTEX_POINT ( 'NONE', #2949 ) ;
#1522 = EDGE_LOOP ( 'NONE', ( #561, #1596, #363, #1880 ) ) ;
#1523 = STYLED_ITEM ( 'NONE', ( #2679 ), #45 ) ;
#1524 = CARTESIAN_POINT ( 'NONE',  ( -0.03937007874015747977, 0.0000000000000000000, 0.0000000000000000000 ) ) ;
#1525 = LINE ( 'NONE', #2425, #906 ) ;
#1526 = VERTEX_POINT ( 'NONE', #515 ) ;
#1527 = VECTOR ( 'NONE', #823, 39.37007874015748854 ) ;
#1528 = PRESENTATION_LAYER_ASSIGNMENT (  '', '', ( #2783 ) ) ;
#1529 = CARTESIAN_POINT ( 'NONE',  ( -0.5669291338582678197, -0.2559055118110236671, -0.1771653543307087630 ) ) ;
#1530 =( GEOMETRIC_REPRESENTATION_CONTEXT ( 3 ) GLOBAL_UNCERTAINTY_ASSIGNED_CONTEXT ( ( #148 ) ) GLOBAL_UNIT_ASSIGNED_CONTEXT ( ( #549, #795, #1494 ) ) REPRESENTATION_CONTEXT ( 'NONE', 'WORKASPACE' ) );
#1531 = LINE ( 'NONE', #407, #2059 ) ;
#1532 = PRESENTATION_LAYER_ASSIGNMENT (  '', '', ( #2426 ) ) ;
#1533 = LINE ( 'NONE', #2211, #1141 ) ;
#1534 = CYLINDRICAL_SURFACE ( 'NONE', #2731, 0.02952755905511813758 ) ;
#1535 =( GEOMETRIC_REPRESENTATION_CONTEXT ( 3 ) GLOBAL_UNCERTAINTY_ASSIGNED_CONTEXT ( ( #2650 ) ) GLOBAL_UNIT_ASSIGNED_CONTEXT ( ( #2021, #2682, #1278 ) ) REPRESENTATION_CONTEXT ( 'NONE', 'WORKASPACE' ) );
#1536 = COLOUR_RGB ( '',0.2509803921568627416, 0.2509803921568627416, 0.2509803921568627416 ) ;
#1537 = EDGE_CURVE ( 'NONE', #1526, #1432, #1427, .T. ) ;
#1538 = VECTOR ( 'NONE', #2496, 39.37007874015748143 ) ;
#1539 = COLOUR_RGB ( '',0.7450980392156862919, 0.7450980392156862919, 0.7450980392156862919 ) ;
#1540 = EDGE_LOOP ( 'NONE', ( #1372, #2403, #1002, #399, #585 ) ) ;
#1541 = EDGE_CURVE ( 'NONE', #336, #1462, #1171, .T. ) ;
#1542 = LINE ( 'NONE', #2439, #805 ) ;
#1543 = SURFACE_SIDE_STYLE ('',( #136 ) ) ;
#1544 = CARTESIAN_POINT ( 'NONE',  ( -0.3720472440944881942, -0.1535433070866141780, -0.1929133858267720325 ) ) ;
#1545 = ORIENTED_EDGE ( 'NONE', *, *, #1537, .T. ) ;
#1546 =( NAMED_UNIT ( * ) SI_UNIT ( $, .STERADIAN. ) SOLID_ANGLE_UNIT ( ) );
#1547 = LINE ( 'NONE', #643, #1108 ) ;
#1548 = FILL_AREA_STYLE_COLOUR ( '', #424 ) ;
#1549 = ORIENTED_EDGE ( 'NONE', *, *, #2078, .T. ) ;
#1550 = LINE ( 'NONE', #414, #14 ) ;
#1551 =( CONVERSION_BASED_UNIT ( 'INCH', #2424 ) LENGTH_UNIT ( ) NAMED_UNIT ( #2252 ) );
#1552 = ADVANCED_FACE ( 'NONE', ( #1964 ), #2801, .F. ) ;
#1553 = ORIENTED_EDGE ( 'NONE', *, *, #2710, .T. ) ;
#1554 =( NAMED_UNIT ( * ) SI_UNIT ( $, .STERADIAN. ) SOLID_ANGLE_UNIT ( ) );
#1555 = DIRECTION ( 'NONE',  ( -0.0000000000000000000, -0.0000000000000000000, -1.000000000000000000 ) ) ;
#1556 = SURFACE_STYLE_USAGE ( .BOTH. , #2245 ) ;
#1557 = SURFACE_SIDE_STYLE ('',( #985 ) ) ;
#1558 = FACE_OUTER_BOUND ( 'NONE', #562, .T. ) ;
#1559 = EDGE_CURVE ( 'NONE', #1496, #2845, #2326, .T. ) ;
#1560 = VERTEX_POINT ( 'NONE', #1459 ) ;
#1561 = UNCERTAINTY_MEASURE_WITH_UNIT (LENGTH_MEASURE( 1.000000000000000082E-05 ), #1402, 'distance_accuracy_value', 'NONE');
#1562 = PLANE ( 'NONE',  #1335 ) ;
#1563 = CARTESIAN_POINT ( 'NONE',  ( -0.3720472440944881942, -0.3937007874015748254, -0.1771653543307083745 ) ) ;
#1564 = ORIENTED_EDGE ( 'NONE', *, *, #739, .F. ) ;
#1565 = COLOUR_RGB ( '',0.7450980392156862919, 0.7450980392156862919, 0.7450980392156862919 ) ;
#1566 = CARTESIAN_POINT ( 'NONE',  ( -0.5393700787401576324, -0.3937007874015748254, 0.0000000000000000000 ) ) ;
#1567 = PRESENTATION_STYLE_ASSIGNMENT (( #2680 ) ) ;
#1568 = FACE_OUTER_BOUND ( 'NONE', #2070, .T. ) ;
#1569 = AXIS2_PLACEMENT_3D ( 'NONE', #2314, #1582, #743 ) ;
#1570 = EDGE_CURVE ( 'NONE', #253, #972, #601, .T. ) ;
#1571 = VECTOR ( 'NONE', #932, 39.37007874015748143 ) ;
#1572 = VECTOR ( 'NONE', #1915, 39.37007874015748143 ) ;
#1573 = PRESENTATION_STYLE_ASSIGNMENT (( #881 ) ) ;
#1574 = CARTESIAN_POINT ( 'NONE',  ( -0.2755905511811023723, 6.026805113914140175E-18, 0.04921259842519685318 ) ) ;
#1575 = AXIS2_PLACEMENT_3D ( 'NONE', #500, #926, #1890 ) ;
#1576 =( GEOMETRIC_REPRESENTATION_CONTEXT ( 3 ) GLOBAL_UNCERTAINTY_ASSIGNED_CONTEXT ( ( #1748 ) ) GLOBAL_UNIT_ASSIGNED_CONTEXT ( ( #563, #41, #776 ) ) REPRESENTATION_CONTEXT ( 'NONE', 'WORKASPACE' ) );
#1577 = VECTOR ( 'NONE', #1229, 39.37007874015748143 ) ;
#1578 =( NAMED_UNIT ( * ) PLANE_ANGLE_UNIT ( ) SI_UNIT ( $, .RADIAN. ) );
#1579 = ORIENTED_EDGE ( 'NONE', *, *, #258, .F. ) ;
#1580 = PRESENTATION_LAYER_ASSIGNMENT (  '', '', ( #89 ) ) ;
#1581 = DIMENSIONAL_EXPONENTS ( 1.000000000000000000, 0.0000000000000000000, 0.0000000000000000000, 0.0000000000000000000, 0.0000000000000000000, 0.0000000000000000000, 0.0000000000000000000 ) ;
#1582 = DIRECTION ( 'NONE',  ( 1.000000000000000000, 0.0000000000000000000, 0.0000000000000000000 ) ) ;
#1583 = CARTESIAN_POINT ( 'NONE',  ( -0.2806524184476940631, -0.4218222722159730154, -0.03444164430235061025 ) ) ;
#1584 = ORIENTED_EDGE ( 'NONE', *, *, #981, .T. ) ;
#1585 = AXIS2_PLACEMENT_3D ( 'NONE', #1752, #2262, #2231 ) ;
#1586 = CARTESIAN_POINT ( 'NONE',  ( -0.03937007874015747977, 0.1692913385826771977, -0.1181102362204721895 ) ) ;
#1587 =( GEOMETRIC_REPRESENTATION_CONTEXT ( 3 ) GLOBAL_UNCERTAINTY_ASSIGNED_CONTEXT ( ( #959 ) ) GLOBAL_UNIT_ASSIGNED_CONTEXT ( ( #2218, #1077, #639 ) ) REPRESENTATION_CONTEXT ( 'NONE', 'WORKASPACE' ) );
#1588 = LINE ( 'NONE', #2748, #2743 ) ;
#1589 =( CONVERSION_BASED_UNIT ( 'INCH', #5 ) LENGTH_UNIT ( ) NAMED_UNIT ( #1581 ) );
#1590 = CARTESIAN_POINT ( 'NONE',  ( -0.5669291338582678197, -0.1574803149606298913, 0.05905511811023622659 ) ) ;
#1591 = EDGE_CURVE ( 'NONE', #1861, #2781, #1444, .T. ) ;
#1592 = DIRECTION ( 'NONE',  ( 0.6246950475544247317, -0.7808688094430299431, 0.0000000000000000000 ) ) ;
#1593 = DIRECTION ( 'NONE',  ( 0.0000000000000000000, -9.637352644315595243E-17, 1.000000000000000000 ) ) ;
#1594 = ORIENTED_EDGE ( 'NONE', *, *, #1702, .T. ) ;
#1595 = CARTESIAN_POINT ( 'NONE',  ( -0.5314960629921260393, -0.2559055118110236671, 0.05905511811023622659 ) ) ;
#1596 = ORIENTED_EDGE ( 'NONE', *, *, #2592, .T. ) ;
#1597 = LINE ( 'NONE', #1396, #171 ) ;
#1598 = DIRECTION ( 'NONE',  ( 0.0000000000000000000, -1.000000000000000000, 0.0000000000000000000 ) ) ;
#1599 = DIMENSIONAL_EXPONENTS ( 1.000000000000000000, 0.0000000000000000000, 0.0000000000000000000, 0.0000000000000000000, 0.0000000000000000000, 0.0000000000000000000, 0.0000000000000000000 ) ;
#1600 = DIRECTION ( 'NONE',  ( 0.0000000000000000000, 0.0000000000000000000, -1.000000000000000000 ) ) ;
#1601 = CARTESIAN_POINT ( 'NONE',  ( 0.0000000000000000000, -0.2559055118110236671, -0.1771653543307087630 ) ) ;
#1602 = FILL_AREA_STYLE ('',( #278 ) ) ;
#1603 = EDGE_CURVE ( 'NONE', #1264, #2822, #1041, .T. ) ;
#1604 = CARTESIAN_POINT ( 'NONE',  ( -0.2952755905511810774, -0.3228346456692913202, 0.04921259842519684624 ) ) ;
#1605 = SURFACE_SIDE_STYLE ('',( #1385 ) ) ;
#1606 = ORIENTED_EDGE ( 'NONE', *, *, #937, .F. ) ;
#1607 = EDGE_CURVE ( 'NONE', #1675, #1918, #528, .T. ) ;
#1608 = LINE ( 'NONE', #252, #1293 ) ;
#1609 = DIRECTION ( 'NONE',  ( 0.0000000000000000000, 0.0000000000000000000, -1.000000000000000000 ) ) ;
#1610 = VERTEX_POINT ( 'NONE', #2400 ) ;
#1611 = DIRECTION ( 'NONE',  ( 0.0000000000000000000, 0.0000000000000000000, 1.000000000000000000 ) ) ;
#1612 = CARTESIAN_POINT ( 'NONE',  ( -0.3475516702261137181, -0.3444881889763780070, 0.04921259842519682542 ) ) ;
#1613 = FILL_AREA_STYLE_COLOUR ( '', #1005 ) ;
#1614 = SURFACE_STYLE_FILL_AREA ( #694 ) ;
#1615 = DIRECTION ( 'NONE',  ( 0.0000000000000000000, 0.0000000000000000000, -1.000000000000000000 ) ) ;
#1616 = LINE ( 'NONE', #246, #2558 ) ;
#1617 = DIMENSIONAL_EXPONENTS ( 1.000000000000000000, 0.0000000000000000000, 0.0000000000000000000, 0.0000000000000000000, 0.0000000000000000000, 0.0000000000000000000, 0.0000000000000000000 ) ;
#1618 = CONICAL_SURFACE ( 'NONE', #2324, 0.04133858267716535029, 0.7853981633974477239 ) ;
#1619 = SURFACE_SIDE_STYLE ('',( #2451 ) ) ;
#1620 = MECHANICAL_DESIGN_GEOMETRIC_PRESENTATION_REPRESENTATION (  '', ( #2553 ), #1668 ) ;
#1621 = COLOUR_RGB ( '',0.7450980392156862919, 0.7450980392156862919, 0.7450980392156862919 ) ;
#1622 = ORIENTED_EDGE ( 'NONE', *, *, #695, .T. ) ;
#1623 = EDGE_CURVE ( 'NONE', #716, #659, #1699, .T. ) ;
#1624 = PRESENTATION_LAYER_ASSIGNMENT (  '', '', ( #386 ) ) ;
#1625 =( GEOMETRIC_REPRESENTATION_CONTEXT ( 3 ) GLOBAL_UNCERTAINTY_ASSIGNED_CONTEXT ( ( #2591 ) ) GLOBAL_UNIT_ASSIGNED_CONTEXT ( ( #1140, #465, #1367 ) ) REPRESENTATION_CONTEXT ( 'NONE', 'WORKASPACE' ) );
#1626 = FACE_OUTER_BOUND ( 'NONE', #1244, .T. ) ;
#1627 = VERTEX_POINT ( 'NONE', #1474 ) ;
#1628 = EDGE_CURVE ( 'NONE', #283, #1526, #1255, .T. ) ;
#1629 = VECTOR ( 'NONE', #1134, 39.37007874015748143 ) ;
#1630 = FACE_OUTER_BOUND ( 'NONE', #1540, .T. ) ;
#1631 = CARTESIAN_POINT ( 'NONE',  ( -0.03937007874015747977, 0.1102362204724409572, -0.1181102362204721895 ) ) ;
#1632 = CARTESIAN_POINT ( 'NONE',  ( -0.03937007874015747977, 0.0000000000000000000, 0.0000000000000000000 ) ) ;
#1633 =( NAMED_UNIT ( * ) PLANE_ANGLE_UNIT ( ) SI_UNIT ( $, .RADIAN. ) );
#1634 = STYLED_ITEM ( 'NONE', ( #88 ), #2630 ) ;
#1635 = MECHANICAL_DESIGN_GEOMETRIC_PRESENTATION_REPRESENTATION (  '', ( #2437 ), #1497 ) ;
#1636 = PLANE ( 'NONE',  #1487 ) ;
#1637 = FACE_OUTER_BOUND ( 'NONE', #1018, .T. ) ;
#1638 = ORIENTED_EDGE ( 'NONE', *, *, #930, .T. ) ;
#1639 = DIRECTION ( 'NONE',  ( 1.000000000000000000, 0.0000000000000000000, 0.0000000000000000000 ) ) ;
#1640 = ORIENTED_EDGE ( 'NONE', *, *, #1974, .F. ) ;
#1641 = CARTESIAN_POINT ( 'NONE',  ( -0.5314960629921260393, 0.0000000000000000000, -0.1771653543307086798 ) ) ;
#1642 = CARTESIAN_POINT ( 'NONE',  ( -0.5472440944881890035, -0.2559055118110236671, -0.05905511811023622659 ) ) ;
#1643 = CARTESIAN_POINT ( 'NONE',  ( -0.4704724409448819422, -0.3444881889763780070, -0.1771653543307083745 ) ) ;
#1644 = CARTESIAN_POINT ( 'NONE',  ( -0.5669291338582678197, -0.2559055118110236671, -0.1771653543307087630 ) ) ;
#1645 =( NAMED_UNIT ( * ) SI_UNIT ( $, .STERADIAN. ) SOLID_ANGLE_UNIT ( ) );
#1646 =( NAMED_UNIT ( * ) PLANE_ANGLE_UNIT ( ) SI_UNIT ( $, .RADIAN. ) );
#1647 = VERTEX_POINT ( 'NONE', #2827 ) ;
#1648 = CARTESIAN_POINT ( 'NONE',  ( -0.3720472440944881942, -0.2559055118110236671, -0.1771653543307087630 ) ) ;
#1649 = ORIENTED_EDGE ( 'NONE', *, *, #1876, .T. ) ;
#1650 =( NAMED_UNIT ( * ) PLANE_ANGLE_UNIT ( ) SI_UNIT ( $, .RADIAN. ) );
#1651 = PLANE ( 'NONE',  #379 ) ;
#1652 = SURFACE_SIDE_STYLE ('',( #1884 ) ) ;
#1653 = CARTESIAN_POINT ( 'NONE',  ( -0.5314960629921260393, 0.08267716535433072833, -0.05905511811023624047 ) ) ;
#1654 = EDGE_CURVE ( 'NONE', #1662, #2146, #813, .T. ) ;
#1655 = ORIENTED_EDGE ( 'NONE', *, *, #1023, .F. ) ;
#1656 = CARTESIAN_POINT ( 'NONE',  ( 0.0000000000000000000, 0.0000000000000000000, -0.1279527559055118335 ) ) ;
#1657 = DIRECTION ( 'NONE',  ( -0.0000000000000000000, -0.0000000000000000000, -1.000000000000000000 ) ) ;
#1658 = PRODUCT ( 'CUI_DEVICES_PJ-202BH', 'CUI_DEVICES_PJ-202BH', '', ( #1329 ) ) ;
#1659 = EDGE_CURVE ( 'NONE', #2822, #1223, #285, .T. ) ;
#1660 = DIRECTION ( 'NONE',  ( 0.0000000000000000000, 2.891205793294676847E-16, 1.000000000000000000 ) ) ;
#1661 = CIRCLE ( 'NONE', #2501, 0.04921259842519685318 ) ;
#1662 = VERTEX_POINT ( 'NONE', #2407 ) ;
#1663 = COLOUR_RGB ( '',0.2509803921568627416, 0.2509803921568627416, 0.2509803921568627416 ) ;
#1664 = CIRCLE ( 'NONE', #220, 0.02952755905511813758 ) ;
#1665 = SURFACE_STYLE_FILL_AREA ( #541 ) ;
#1666 = LINE ( 'NONE', #1448, #2614 ) ;
#1667 = ORIENTED_EDGE ( 'NONE', *, *, #1344, .F. ) ;
#1668 =( GEOMETRIC_REPRESENTATION_CONTEXT ( 3 ) GLOBAL_UNCERTAINTY_ASSIGNED_CONTEXT ( ( #2623 ) ) GLOBAL_UNIT_ASSIGNED_CONTEXT ( ( #1786, #2264, #1126 ) ) REPRESENTATION_CONTEXT ( 'NONE', 'WORKASPACE' ) );
#1669 = PRESENTATION_LAYER_ASSIGNMENT (  '', '', ( #901 ) ) ;
#1670 = COLOUR_RGB ( '',0.7450980392156862919, 0.7450980392156862919, 0.7450980392156862919 ) ;
#1671 = CARTESIAN_POINT ( 'NONE',  ( -0.2125984251968503769, -0.3444881889763780070, -0.04921259842519682542 ) ) ;
#1672 = SURFACE_SIDE_STYLE ('',( #49 ) ) ;
#1673 = PRESENTATION_LAYER_ASSIGNMENT (  '', '', ( #1491 ) ) ;
#1674 = DIRECTION ( 'NONE',  ( -0.0000000000000000000, -0.0000000000000000000, -1.000000000000000000 ) ) ;
#1675 = VERTEX_POINT ( 'NONE', #1082 ) ;
#1676 = AXIS2_PLACEMENT_3D ( 'NONE', #802, #2808, #1898 ) ;
#1677 = EDGE_LOOP ( 'NONE', ( #2235, #2307, #416 ) ) ;
#1678 = DIRECTION ( 'NONE',  ( -0.0000000000000000000, -0.0000000000000000000, -1.000000000000000000 ) ) ;
#1679 =( NAMED_UNIT ( * ) PLANE_ANGLE_UNIT ( ) SI_UNIT ( $, .RADIAN. ) );
#1680 = STYLED_ITEM ( 'NONE', ( #256 ), #2912 ) ;
#1681 = ADVANCED_FACE ( 'NONE', ( #2904 ), #410, .F. ) ;
#1682 = DIRECTION ( 'NONE',  ( 0.0000000000000000000, 1.000000000000000000, 1.927470528863119049E-16 ) ) ;
#1683 =( LENGTH_UNIT ( ) NAMED_UNIT ( * ) SI_UNIT ( $, .METRE. ) );
#1684 = ORIENTED_EDGE ( 'NONE', *, *, #2576, .F. ) ;
#1685 =( CONVERSION_BASED_UNIT ( 'INCH', #107 ) LENGTH_UNIT ( ) NAMED_UNIT ( #2922 ) );
#1686 = PLANE ( 'NONE',  #728 ) ;
#1687 = ORIENTED_EDGE ( 'NONE', *, *, #71, .F. ) ;
#1688 = UNCERTAINTY_MEASURE_WITH_UNIT (LENGTH_MEASURE( 1.000000000000000082E-05 ), #2367, 'distance_accuracy_value', 'NONE');
#1689 = DIRECTION ( 'NONE',  ( -1.000000000000000000, 0.0000000000000000000, 0.0000000000000000000 ) ) ;
#1690 = LENGTH_MEASURE_WITH_UNIT ( LENGTH_MEASURE( 0.02539999999999999897 ), #506 );
#1691 = FACE_OUTER_BOUND ( 'NONE', #1514, .T. ) ;
#1692 = CARTESIAN_POINT ( 'NONE',  ( -0.5192027583072978958, -0.3937007874015748254, -0.02695852825733910385 ) ) ;
#1693 = ORIENTED_EDGE ( 'NONE', *, *, #1570, .F. ) ;
#1694 = ADVANCED_FACE ( 'NONE', ( #2891 ), #614, .F. ) ;
#1695 = ORIENTED_EDGE ( 'NONE', *, *, #2601, .F. ) ;
#1696 = FILL_AREA_STYLE ('',( #970 ) ) ;
#1697 =( NAMED_UNIT ( * ) PLANE_ANGLE_UNIT ( ) SI_UNIT ( $, .RADIAN. ) );
#1698 = CARTESIAN_POINT ( 'NONE',  ( -0.5314960629921260393, 0.06692913385826773642, 0.05905511811023622659 ) ) ;
#1699 = LINE ( 'NONE', #1267, #2466 ) ;
#1700 =( CONVERSION_BASED_UNIT ( 'INCH', #1414 ) LENGTH_UNIT ( ) NAMED_UNIT ( #965 ) );
#1701 = ORIENTED_EDGE ( 'NONE', *, *, #2714, .T. ) ;
#1702 = EDGE_CURVE ( 'NONE', #1675, #998, #664, .T. ) ;
#1703 = CARTESIAN_POINT ( 'NONE',  ( -0.5078740157480314821, -0.3543307086614174151, 0.05905511811023622659 ) ) ;
#1704 = EDGE_LOOP ( 'NONE', ( #1640, #799, #2409, #2488, #426 ) ) ;
#1705 = EDGE_CURVE ( 'NONE', #1734, #1208, #2035, .T. ) ;
#1706 = CARTESIAN_POINT ( 'NONE',  ( -0.3934990221278217293, -0.2559055118110236671, -0.05905511811023624047 ) ) ;
#1707 =( LENGTH_UNIT ( ) NAMED_UNIT ( * ) SI_UNIT ( $, .METRE. ) );
#1708 = LINE ( 'NONE', #772, #1960 ) ;
#1709 = VERTEX_POINT ( 'NONE', #2644 ) ;
#1710 = CARTESIAN_POINT ( 'NONE',  ( -0.1377952755905511861, 7.231927286352638368E-19, -0.1614173228346456601 ) ) ;
#1711 = SURFACE_STYLE_FILL_AREA ( #276 ) ;
#1712 = DIRECTION ( 'NONE',  ( 0.0000000000000000000, -1.000000000000000000, 5.519574696289841831E-16 ) ) ;
#1713 = ORIENTED_EDGE ( 'NONE', *, *, #1169, .F. ) ;
#1714 = ORIENTED_EDGE ( 'NONE', *, *, #1225, .T. ) ;
#1715 = AXIS2_PLACEMENT_3D ( 'NONE', #522, #977, #557 ) ;
#1716 = PRESENTATION_LAYER_ASSIGNMENT (  '', '', ( #2201 ) ) ;
#1717 = FILL_AREA_STYLE ('',( #1993 ) ) ;
#1718 = ADVANCED_FACE ( 'NONE', ( #628 ), #1534, .F. ) ;
#1719 = CARTESIAN_POINT ( 'NONE',  ( -0.1377952755905511861, 1.807981821588045721E-19, -0.1771653543307076528 ) ) ;
#1720 = AXIS2_PLACEMENT_3D ( 'NONE', #2676, #876, #2511 ) ;
#1721 = COLOUR_RGB ( '',0.7450980392156862919, 0.7450980392156862919, 0.7450980392156862919 ) ;
#1722 = ORIENTED_EDGE ( 'NONE', *, *, #349, .T. ) ;
#1723 = COLOUR_RGB ( '',0.2509803921568627416, 0.2509803921568627416, 0.2509803921568627416 ) ;
#1724 = VECTOR ( 'NONE', #420, 39.37007874015748143 ) ;
#1725 = ORIENTED_EDGE ( 'NONE', *, *, #2131, .T. ) ;
#1726 =( NAMED_UNIT ( * ) PLANE_ANGLE_UNIT ( ) SI_UNIT ( $, .RADIAN. ) );
#1727 = LENGTH_MEASURE_WITH_UNIT ( LENGTH_MEASURE( 0.02539999999999999897 ), #696 );
#1728 = COLOUR_RGB ( '',0.7450980392156862919, 0.7450980392156862919, 0.7450980392156862919 ) ;
#1729 =( LENGTH_UNIT ( ) NAMED_UNIT ( * ) SI_UNIT ( $, .METRE. ) );
#1730 = PRESENTATION_STYLE_ASSIGNMENT (( #2361 ) ) ;
#1731 = DIRECTION ( 'NONE',  ( 1.000000000000000000, 0.0000000000000000000, 0.0000000000000000000 ) ) ;
#1732 = ORIENTED_EDGE ( 'NONE', *, *, #572, .F. ) ;
#1733 = VECTOR ( 'NONE', #2587, 39.37007874015748143 ) ;
#1734 = VERTEX_POINT ( 'NONE', #2947 ) ;
#1735 =( NAMED_UNIT ( * ) PLANE_ANGLE_UNIT ( ) SI_UNIT ( $, .RADIAN. ) );
#1736 = CARTESIAN_POINT ( 'NONE',  ( -0.5669291338582678197, -0.1574803149606298913, -0.1771653543307086798 ) ) ;
#1737 = CARTESIAN_POINT ( 'NONE',  ( -0.5192027583072978958, -0.3937007874015748254, 0.0000000000000000000 ) ) ;
#1738 = ORIENTED_EDGE ( 'NONE', *, *, #2592, .F. ) ;
#1739 = ADVANCED_FACE ( 'NONE', ( #2325 ), #684, .F. ) ;
#1740 = DIRECTION ( 'NONE',  ( 0.7808688094430306093, -0.6246950475544238435, 0.0000000000000000000 ) ) ;
#1741 = SURFACE_STYLE_FILL_AREA ( #2658 ) ;
#1742 = EDGE_CURVE ( 'NONE', #2726, #2845, #2734, .T. ) ;
#1743 = LENGTH_MEASURE_WITH_UNIT ( LENGTH_MEASURE( 0.02539999999999999897 ), #2902 );
#1744 = CARTESIAN_POINT ( 'NONE',  ( -0.4704724409448819422, -0.3937007874015748254, -0.1771653543307083745 ) ) ;
#1745 =( CONVERSION_BASED_UNIT ( 'INCH', #882 ) LENGTH_UNIT ( ) NAMED_UNIT ( #452 ) );
#1746 = ORIENTED_EDGE ( 'NONE', *, *, #2516, .F. ) ;
#1747 = ORIENTED_EDGE ( 'NONE', *, *, #2090, .T. ) ;
#1748 = UNCERTAINTY_MEASURE_WITH_UNIT (LENGTH_MEASURE( 1.000000000000000082E-05 ), #563, 'distance_accuracy_value', 'NONE');
#1749 = CARTESIAN_POINT ( 'NONE',  ( -0.5669291338582678197, -0.2559055118110236671, 0.1771653543307089296 ) ) ;
#1750 = ORIENTED_EDGE ( 'NONE', *, *, #2060, .F. ) ;
#1751 = SURFACE_SIDE_STYLE ('',( #850 ) ) ;
#1752 = CARTESIAN_POINT ( 'NONE',  ( -0.4212598425196851237, -0.3444881889763780070, -0.1771653543307083745 ) ) ;
#1753 = PRESENTATION_STYLE_ASSIGNMENT (( #2672 ) ) ;
#1754 = CARTESIAN_POINT ( 'NONE',  ( -0.09842519685039370636, 0.1102362204724409572, -0.1771653543307084022 ) ) ;
#1755 = EDGE_CURVE ( 'NONE', #1709, #2557, #19, .T. ) ;
#1756 = SURFACE_STYLE_FILL_AREA ( #146 ) ;
#1757 = CLOSED_SHELL ( 'NONE', ( #685, #1488, #1463, #1718, #473, #313, #1843, #2759, #202, #457, #839, #553, #1739, #858, #304, #45, #615, #2646, #2908, #1099, #2692, #1320, #2329, #1129, #1424, #1268, #2418, #1481, #1428, #2630, #2872, #1963, #1133, #1681, #1353, #1447, #1123, #943, #2004, #2506, #1694, #2912, #891, #2010, #29, #102, #2946, #782, #90, #2045, #1552, #2352, #2765, #822, #537, #905, #419, #2686, #2667, #999, #2719 ) ) ;
#1758 = EDGE_LOOP ( 'NONE', ( #1274, #1059, #884, #193 ) ) ;
#1759 = PRESENTATION_STYLE_ASSIGNMENT (( #1954 ) ) ;
#1760 =( NAMED_UNIT ( * ) PLANE_ANGLE_UNIT ( ) SI_UNIT ( $, .RADIAN. ) );
#1761 = FILL_AREA_STYLE_COLOUR ( '', #2561 ) ;
#1762 = ORIENTED_EDGE ( 'NONE', *, *, #2572, .F. ) ;
#1763 = STYLED_ITEM ( 'NONE', ( #2916 ), #1133 ) ;
#1764 = AXIS2_PLACEMENT_3D ( 'NONE', #492, #2715, #704 ) ;
#1765 = VECTOR ( 'NONE', #2297, 39.37007874015748143 ) ;
#1766 = SURFACE_SIDE_STYLE ('',( #1741 ) ) ;
#1767 = CARTESIAN_POINT ( 'NONE',  ( -0.4704724409448819422, -0.3937007874015748254, -0.1929133858267720603 ) ) ;
#1768 = STYLED_ITEM ( 'NONE', ( #2098 ), #839 ) ;
#1769 = FILL_AREA_STYLE ('',( #2445 ) ) ;
#1770 = LINE ( 'NONE', #1354, #2927 ) ;
#1771 = AXIS2_PLACEMENT_3D ( 'NONE', #1279, #2415, #1979 ) ;
#1772 = PRESENTATION_LAYER_ASSIGNMENT (  '', '', ( #677 ) ) ;
#1773 = APPLICATION_CONTEXT ( 'automotive_design' ) ;
#1774 =( NAMED_UNIT ( * ) PLANE_ANGLE_UNIT ( ) SI_UNIT ( $, .RADIAN. ) );
#1775 = ORIENTED_EDGE ( 'NONE', *, *, #2818, .T. ) ;
#1776 = UNCERTAINTY_MEASURE_WITH_UNIT (LENGTH_MEASURE( 1.000000000000000082E-05 ), #2171, 'distance_accuracy_value', 'NONE');
#1777 = MECHANICAL_DESIGN_GEOMETRIC_PRESENTATION_REPRESENTATION (  '', ( #2618 ), #1966 ) ;
#1778 = DIRECTION ( 'NONE',  ( -0.7808688094430306093, 0.6246950475544239545, 0.0000000000000000000 ) ) ;
#1779 = SURFACE_STYLE_USAGE ( .BOTH. , #2849 ) ;
#1780 = VERTEX_POINT ( 'NONE', #952 ) ;
#1781 = DIRECTION ( 'NONE',  ( -0.6246950475544239545, -0.7808688094430307203, 0.0000000000000000000 ) ) ;
#1782 = DIRECTION ( 'NONE',  ( 0.0000000000000000000, 0.0000000000000000000, 1.000000000000000000 ) ) ;
#1783 = DIRECTION ( 'NONE',  ( 1.000000000000000000, 0.0000000000000000000, 1.084202172485506406E-15 ) ) ;
#1784 = LINE ( 'NONE', #396, #337 ) ;
#1785 =( NAMED_UNIT ( * ) SI_UNIT ( $, .STERADIAN. ) SOLID_ANGLE_UNIT ( ) );
#1786 =( CONVERSION_BASED_UNIT ( 'INCH', #2221 ) LENGTH_UNIT ( ) NAMED_UNIT ( #942 ) );
#1787 = SURFACE_SIDE_STYLE ('',( #2950 ) ) ;
#1788 = ORIENTED_EDGE ( 'NONE', *, *, #1410, .F. ) ;
#1789 = EDGE_CURVE ( 'NONE', #2803, #688, #1875, .T. ) ;
#1790 = PRESENTATION_STYLE_ASSIGNMENT (( #237 ) ) ;
#1791 = LINE ( 'NONE', #1595, #233 ) ;
#1792 = ORIENTED_EDGE ( 'NONE', *, *, #2852, .F. ) ;
#1793 = EDGE_CURVE ( 'NONE', #2363, #2625, #1616, .T. ) ;
#1794 = FACE_OUTER_BOUND ( 'NONE', #1076, .T. ) ;
#1795 = SURFACE_SIDE_STYLE ('',( #2044 ) ) ;
#1796 = FILL_AREA_STYLE_COLOUR ( '', #1670 ) ;
#1797 =( NAMED_UNIT ( * ) PLANE_ANGLE_UNIT ( ) SI_UNIT ( $, .RADIAN. ) );
#1798 =( LENGTH_UNIT ( ) NAMED_UNIT ( * ) SI_UNIT ( $, .METRE. ) );
#1799 = CARTESIAN_POINT ( 'NONE',  ( -0.4704724409448819422, -0.3937007874015748254, -0.1771653543307083745 ) ) ;
#1800 =( NAMED_UNIT ( * ) SI_UNIT ( $, .STERADIAN. ) SOLID_ANGLE_UNIT ( ) );
#1801 = VERTEX_POINT ( 'NONE', #895 ) ;
#1802 = UNCERTAINTY_MEASURE_WITH_UNIT (LENGTH_MEASURE( 1.000000000000000082E-05 ), #2350, 'distance_accuracy_value', 'NONE');
#1803 = DIRECTION ( 'NONE',  ( 0.0000000000000000000, 0.0000000000000000000, 1.000000000000000000 ) ) ;
#1804 = CARTESIAN_POINT ( 'NONE',  ( -0.1377952755905511861, 1.976792077363837694E-17, 0.1614173228346456601 ) ) ;
#1805 = VERTEX_POINT ( 'NONE', #7 ) ;
#1806 = STYLED_ITEM ( 'NONE', ( #460 ), #102 ) ;
#1807 = EDGE_CURVE ( 'NONE', #1317, #2606, #709, .T. ) ;
#1808 = CARTESIAN_POINT ( 'NONE',  ( -0.5393700787401576324, -0.3346456692913385988, -0.05905511811023622659 ) ) ;
#1809 = DIMENSIONAL_EXPONENTS ( 1.000000000000000000, 0.0000000000000000000, 0.0000000000000000000, 0.0000000000000000000, 0.0000000000000000000, 0.0000000000000000000, 0.0000000000000000000 ) ;
#1810 = LINE ( 'NONE', #208, #1859 ) ;
#1811 = SURFACE_SIDE_STYLE ('',( #2491 ) ) ;
#1812 =( GEOMETRIC_REPRESENTATION_CONTEXT ( 3 ) GLOBAL_UNCERTAINTY_ASSIGNED_CONTEXT ( ( #2225 ) ) GLOBAL_UNIT_ASSIGNED_CONTEXT ( ( #620, #1735, #2411 ) ) REPRESENTATION_CONTEXT ( 'NONE', 'WORKASPACE' ) );
#1813 = DIRECTION ( 'NONE',  ( 0.0000000000000000000, 0.0000000000000000000, -1.000000000000000000 ) ) ;
#1814 = VECTOR ( 'NONE', #919, 39.37007874015748143 ) ;
#1815 =( GEOMETRIC_REPRESENTATION_CONTEXT ( 3 ) GLOBAL_UNCERTAINTY_ASSIGNED_CONTEXT ( ( #1450 ) ) GLOBAL_UNIT_ASSIGNED_CONTEXT ( ( #1219, #2124, #58 ) ) REPRESENTATION_CONTEXT ( 'NONE', 'WORKASPACE' ) );
#1816 = SURFACE_SIDE_STYLE ('',( #2049 ) ) ;
#1817 = LENGTH_MEASURE_WITH_UNIT ( LENGTH_MEASURE( 0.02539999999999999897 ), #1798 );
#1818 = CARTESIAN_POINT ( 'NONE',  ( -0.3567805331810624536, -0.3518712793403370176, 0.05905511811023622659 ) ) ;
#1819 = VECTOR ( 'NONE', #1682, 39.37007874015748143 ) ;
#1820 =( GEOMETRIC_REPRESENTATION_CONTEXT ( 3 ) GLOBAL_UNCERTAINTY_ASSIGNED_CONTEXT ( ( #2907 ) ) GLOBAL_UNIT_ASSIGNED_CONTEXT ( ( #2000, #653, #837 ) ) REPRESENTATION_CONTEXT ( 'NONE', 'WORKASPACE' ) );
#1821 =( NAMED_UNIT ( * ) PLANE_ANGLE_UNIT ( ) SI_UNIT ( $, .RADIAN. ) );
#1822 = CARTESIAN_POINT ( 'NONE',  ( -0.2125984251968503769, -0.2559055118110236671, 0.04921259842519686012 ) ) ;
#1823 = ORIENTED_EDGE ( 'NONE', *, *, #630, .F. ) ;
#1824 = AXIS2_PLACEMENT_3D ( 'NONE', #2227, #2863, #2638 ) ;
#1825 =( BOUNDED_CURVE ( )  B_SPLINE_CURVE ( 3, ( #1362, #15, #2308, #1566 ),
 .UNSPECIFIED., .F., .T. ) 
 B_SPLINE_CURVE_WITH_KNOTS ( ( 4, 4 ),
 ( 5.052225889838812378, 6.283185307179586232 ),
 .UNSPECIFIED. ) 
 CURVE ( )  GEOMETRIC_REPRESENTATION_ITEM ( )  RATIONAL_B_SPLINE_CURVE ( ( 1.000000000000000000, 0.8776643872851508377, 0.8776643872851508377, 1.000000000000000000 ) ) 
 REPRESENTATION_ITEM ( '' )  );
#1826 =( NAMED_UNIT ( * ) SI_UNIT ( $, .STERADIAN. ) SOLID_ANGLE_UNIT ( ) );
#1827 = ORIENTED_EDGE ( 'NONE', *, *, #750, .T. ) ;
#1828 =( NAMED_UNIT ( * ) SI_UNIT ( $, .STERADIAN. ) SOLID_ANGLE_UNIT ( ) );
#1829 = DIRECTION ( 'NONE',  ( -0.0000000000000000000, -0.0000000000000000000, -1.000000000000000000 ) ) ;
#1830 = LENGTH_MEASURE_WITH_UNIT ( LENGTH_MEASURE( 0.02539999999999999897 ), #1400 );
#1831 =( NAMED_UNIT ( * ) SI_UNIT ( $, .STERADIAN. ) SOLID_ANGLE_UNIT ( ) );
#1832 = DIMENSIONAL_EXPONENTS ( 1.000000000000000000, 0.0000000000000000000, 0.0000000000000000000, 0.0000000000000000000, 0.0000000000000000000, 0.0000000000000000000, 0.0000000000000000000 ) ;
#1833 = EDGE_CURVE ( 'NONE', #2851, #2895, #2700, .T. ) ;
#1834 =( LENGTH_UNIT ( ) NAMED_UNIT ( * ) SI_UNIT ( $, .METRE. ) );
#1835 =( NAMED_UNIT ( * ) PLANE_ANGLE_UNIT ( ) SI_UNIT ( $, .RADIAN. ) );
#1836 = VERTEX_POINT ( 'NONE', #232 ) ;
#1837 = CARTESIAN_POINT ( 'NONE',  ( -0.09842519685039370636, 0.1102362204724409572, -0.1771653543307084022 ) ) ;
#1838 = ORIENTED_EDGE ( 'NONE', *, *, #2782, .T. ) ;
#1839 = LINE ( 'NONE', #243, #2054 ) ;
#1840 = FILL_AREA_STYLE ('',( #507 ) ) ;
#1841 = DIRECTION ( 'NONE',  ( 1.000000000000000000, 0.0000000000000000000, 0.0000000000000000000 ) ) ;
#1842 = DIRECTION ( 'NONE',  ( -1.000000000000000000, 0.0000000000000000000, -3.433306879537427585E-16 ) ) ;
#1843 = ADVANCED_FACE ( 'NONE', ( #2284 ), #1366, .F. ) ;
#1844 = DIRECTION ( 'NONE',  ( 0.0000000000000000000, -2.891205793294676847E-16, 1.000000000000000000 ) ) ;
#1845 = VERTEX_POINT ( 'NONE', #808 ) ;
#1846 = DIMENSIONAL_EXPONENTS ( 1.000000000000000000, 0.0000000000000000000, 0.0000000000000000000, 0.0000000000000000000, 0.0000000000000000000, 0.0000000000000000000, 0.0000000000000000000 ) ;
#1847 = ORIENTED_EDGE ( 'NONE', *, *, #2082, .F. ) ;
#1848 = PRESENTATION_LAYER_ASSIGNMENT (  '', '', ( #1476 ) ) ;
#1849 = CARTESIAN_POINT ( 'NONE',  ( -0.3567805331810624536, -0.3518712793403370176, -0.04921259842519682542 ) ) ;
#1850 = LINE ( 'NONE', #720, #1237 ) ;
#1851 =( CONVERSION_BASED_UNIT ( 'INCH', #439 ) LENGTH_UNIT ( ) NAMED_UNIT ( #2493 ) );
#1852 = VECTOR ( 'NONE', #476, 39.37007874015748143 ) ;
#1853 = FILL_AREA_STYLE ('',( #2273 ) ) ;
#1854 = COLOUR_RGB ( '',0.2509803921568627416, 0.2509803921568627416, 0.2509803921568627416 ) ;
#1855 = MECHANICAL_DESIGN_GEOMETRIC_PRESENTATION_REPRESENTATION (  '', ( #2874 ), #2145 ) ;
#1856 = FILL_AREA_STYLE ('',( #1170 ) ) ;
#1857 =( CONVERSION_BASED_UNIT ( 'INCH', #711 ) LENGTH_UNIT ( ) NAMED_UNIT ( #269 ) );
#1858 = MECHANICAL_DESIGN_GEOMETRIC_PRESENTATION_REPRESENTATION (  '', ( #2693 ), #717 ) ;
#1859 = VECTOR ( 'NONE', #1829, 39.37007874015748143 ) ;
#1860 =( LENGTH_UNIT ( ) NAMED_UNIT ( * ) SI_UNIT ( $, .METRE. ) );
#1861 = VERTEX_POINT ( 'NONE', #1456 ) ;
#1862 = UNCERTAINTY_MEASURE_WITH_UNIT (LENGTH_MEASURE( 1.000000000000000082E-05 ), #2780, 'distance_accuracy_value', 'NONE');
#1863 = PRESENTATION_LAYER_ASSIGNMENT (  '', '', ( #20 ) ) ;
#1864 = VECTOR ( 'NONE', #794, 39.37007874015748143 ) ;
#1865 =( LENGTH_UNIT ( ) NAMED_UNIT ( * ) SI_UNIT ( $, .METRE. ) );
#1866 = PRESENTATION_LAYER_ASSIGNMENT (  '', '', ( #862 ) ) ;
#1867 = AXIS2_PLACEMENT_3D ( 'NONE', #442, #1841, #231 ) ;
#1868 = ORIENTED_EDGE ( 'NONE', *, *, #963, .F. ) ;
#1869 = PRESENTATION_LAYER_ASSIGNMENT (  '', '', ( #1634 ) ) ;
#1870 = CARTESIAN_POINT ( 'NONE',  ( -0.03937007874015747977, 0.0000000000000000000, 0.0000000000000000000 ) ) ;
#1871 = DIRECTION ( 'NONE',  ( 0.0000000000000000000, 0.0000000000000000000, -1.000000000000000000 ) ) ;
#1872 = DIMENSIONAL_EXPONENTS ( 1.000000000000000000, 0.0000000000000000000, 0.0000000000000000000, 0.0000000000000000000, 0.0000000000000000000, 0.0000000000000000000, 0.0000000000000000000 ) ;
#1873 = CARTESIAN_POINT ( 'NONE',  ( -0.4980362984637098367, -0.3420335620560152612, -0.05905511811023622659 ) ) ;
#1874 = AXIS2_PLACEMENT_3D ( 'NONE', #2708, #1166, #2299 ) ;
#1875 = LINE ( 'NONE', #2750, #2469 ) ;
#1876 = EDGE_CURVE ( 'NONE', #2883, #2941, #760, .T. ) ;
#1877 = CARTESIAN_POINT ( 'NONE',  ( -0.09842519685039370636, 0.1771653543307086243, 0.1771653543307084022 ) ) ;
#1878 = SURFACE_SIDE_STYLE ('',( #744 ) ) ;
#1879 =( NAMED_UNIT ( * ) SI_UNIT ( $, .STERADIAN. ) SOLID_ANGLE_UNIT ( ) );
#1880 = ORIENTED_EDGE ( 'NONE', *, *, #2156, .T. ) ;
#1881 =( CONVERSION_BASED_UNIT ( 'INCH', #960 ) LENGTH_UNIT ( ) NAMED_UNIT ( #2701 ) );
#1882 = ORIENTED_EDGE ( 'NONE', *, *, #2026, .F. ) ;
#1883 = SURFACE_SIDE_STYLE ('',( #556 ) ) ;
#1884 = SURFACE_STYLE_FILL_AREA ( #966 ) ;
#1885 = DIRECTION ( 'NONE',  ( 1.000000000000000000, 0.0000000000000000000, 0.0000000000000000000 ) ) ;
#1886 = ORIENTED_EDGE ( 'NONE', *, *, #846, .T. ) ;
#1887 = DIRECTION ( 'NONE',  ( -1.000000000000000000, -0.0000000000000000000, -0.0000000000000000000 ) ) ;
#1888 =( NAMED_UNIT ( * ) PLANE_ANGLE_UNIT ( ) SI_UNIT ( $, .RADIAN. ) );
#1889 = DIRECTION ( 'NONE',  ( 0.0000000000000000000, 0.0000000000000000000, -1.000000000000000000 ) ) ;
#1890 = DIRECTION ( 'NONE',  ( 0.0000000000000000000, 3.444205370125740490E-17, -1.000000000000000000 ) ) ;
#1891 = EDGE_LOOP ( 'NONE', ( #27, #652, #1042, #1929, #748, #2420, #1188, #472, #769, #1026, #1823, #982 ) ) ;
#1892 = SURFACE_STYLE_USAGE ( .BOTH. , #2111 ) ;
#1893 = FACE_OUTER_BOUND ( 'NONE', #1704, .T. ) ;
#1894 = ORIENTED_EDGE ( 'NONE', *, *, #2097, .T. ) ;
#1895 = UNCERTAINTY_MEASURE_WITH_UNIT (LENGTH_MEASURE( 1.000000000000000082E-05 ), #2355, 'distance_accuracy_value', 'NONE');
#1896 = LINE ( 'NONE', #35, #940 ) ;
#1897 = PRESENTATION_STYLE_ASSIGNMENT (( #1501 ) ) ;
#1898 = DIRECTION ( 'NONE',  ( 0.0000000000000000000, 0.0000000000000000000, -1.000000000000000000 ) ) ;
#1899 = ORIENTED_EDGE ( 'NONE', *, *, #2852, .T. ) ;
#1900 = LENGTH_MEASURE_WITH_UNIT ( LENGTH_MEASURE( 0.02539999999999999897 ), #980 );
#1901 = EDGE_CURVE ( 'NONE', #2803, #283, #75, .T. ) ;
#1902 = SURFACE_STYLE_USAGE ( .BOTH. , #2139 ) ;
#1903 = COLOUR_RGB ( '',0.2509803921568627416, 0.2509803921568627416, 0.2509803921568627416 ) ;
#1904 = DIRECTION ( 'NONE',  ( 0.0000000000000000000, 1.000000000000000000, 0.0000000000000000000 ) ) ;
#1905 = SURFACE_STYLE_FILL_AREA ( #2586 ) ;
#1906 = VECTOR ( 'NONE', #2593, 39.37007874015748143 ) ;
#1907 = ORIENTED_EDGE ( 'NONE', *, *, #411, .F. ) ;
#1908 = DIMENSIONAL_EXPONENTS ( 1.000000000000000000, 0.0000000000000000000, 0.0000000000000000000, 0.0000000000000000000, 0.0000000000000000000, 0.0000000000000000000, 0.0000000000000000000 ) ;
#1909 = AXIS2_PLACEMENT_3D ( 'NONE', #2220, #1295, #2643 ) ;
#1910 = ORIENTED_EDGE ( 'NONE', *, *, #2162, .F. ) ;
#1911 = MECHANICAL_DESIGN_GEOMETRIC_PRESENTATION_REPRESENTATION (  '', ( #2426 ), #1000 ) ;
#1912 = VECTOR ( 'NONE', #783, 39.37007874015748143 ) ;
#1913 = VECTOR ( 'NONE', #2046, 39.37007874015748143 ) ;
#1914 = DIRECTION ( 'NONE',  ( -1.000000000000000000, -0.0000000000000000000, -0.0000000000000000000 ) ) ;
#1915 = DIRECTION ( 'NONE',  ( 0.0000000000000000000, 1.000000000000000000, -5.396917480816733533E-15 ) ) ;
#1916 = ORIENTED_EDGE ( 'NONE', *, *, #1901, .F. ) ;
#1917 = AXIS2_PLACEMENT_3D ( 'NONE', #1632, #450, #1363 ) ;
#1918 = VERTEX_POINT ( 'NONE', #2359 ) ;
#1919 = LINE ( 'NONE', #2584, #387 ) ;
#1920 = STYLED_ITEM ( 'NONE', ( #818 ), #2686 ) ;
#1921 =( GEOMETRIC_REPRESENTATION_CONTEXT ( 3 ) GLOBAL_UNCERTAINTY_ASSIGNED_CONTEXT ( ( #2755 ) ) GLOBAL_UNIT_ASSIGNED_CONTEXT ( ( #551, #1978, #2867 ) ) REPRESENTATION_CONTEXT ( 'NONE', 'WORKASPACE' ) );
#1922 = CARTESIAN_POINT ( 'NONE',  ( -0.03937007874015747977, 0.1692913385826771422, 0.1181102362204722034 ) ) ;
#1923 = LENGTH_MEASURE_WITH_UNIT ( LENGTH_MEASURE( 0.02539999999999999897 ), #1254 );
#1924 = EDGE_CURVE ( 'NONE', #2616, #54, #329, .T. ) ;
#1925 = LINE ( 'NONE', #249, #1302 ) ;
#1926 = ORIENTED_EDGE ( 'NONE', *, *, #512, .T. ) ;
#1927 = FACE_OUTER_BOUND ( 'NONE', #1014, .T. ) ;
#1928 = LINE ( 'NONE', #2821, #2210 ) ;
#1929 = ORIENTED_EDGE ( 'NONE', *, *, #911, .T. ) ;
#1930 =( NAMED_UNIT ( * ) PLANE_ANGLE_UNIT ( ) SI_UNIT ( $, .RADIAN. ) );
#1931 = DIRECTION ( 'NONE',  ( 0.0000000000000000000, 1.000000000000000000, 1.927470528863119049E-16 ) ) ;
#1932 =( CONVERSION_BASED_UNIT ( 'INCH', #983 ) LENGTH_UNIT ( ) NAMED_UNIT ( #1809 ) );
#1933 =( CONVERSION_BASED_UNIT ( 'INCH', #1008 ) LENGTH_UNIT ( ) NAMED_UNIT ( #2301 ) );
#1934 = DIRECTION ( 'NONE',  ( -1.000000000000000000, -0.0000000000000000000, -0.0000000000000000000 ) ) ;
#1935 = VERTEX_POINT ( 'NONE', #532 ) ;
#1936 = EDGE_CURVE ( 'NONE', #716, #354, #1217, .T. ) ;
#1937 = ORIENTED_EDGE ( 'NONE', *, *, #2601, .T. ) ;
#1938 = LINE ( 'NONE', #2132, #625 ) ;
#1939 = FILL_AREA_STYLE ('',( #164 ) ) ;
#1940 =( NAMED_UNIT ( * ) PLANE_ANGLE_UNIT ( ) SI_UNIT ( $, .RADIAN. ) );
#1941 = CARTESIAN_POINT ( 'NONE',  ( -0.03937007874015747977, 0.1102362204724409017, 0.1771653543307084022 ) ) ;
#1942 = ORIENTED_EDGE ( 'NONE', *, *, #1970, .T. ) ;
#1943 = PRESENTATION_STYLE_ASSIGNMENT (( #1035 ) ) ;
#1944 = DIRECTION ( 'NONE',  ( 0.0000000000000000000, 1.000000000000000000, -2.891205793294676847E-16 ) ) ;
#1945 = CARTESIAN_POINT ( 'NONE',  ( -0.2952755905511810774, -0.3228346456692913202, -0.04921259842519684624 ) ) ;
#1946 = CARTESIAN_POINT ( 'NONE',  ( -0.03937007874015747977, 0.1692913385826771977, -0.1181102362204721895 ) ) ;
#1947 = CARTESIAN_POINT ( 'NONE',  ( -0.5157960828017175148, -0.3479930550184687221, 0.05791839823989768099 ) ) ;
#1948 = DIRECTION ( 'NONE',  ( 1.000000000000000000, 0.0000000000000000000, 0.0000000000000000000 ) ) ;
#1949 = CARTESIAN_POINT ( 'NONE',  ( -0.5472440944881890035, 0.08267716535433072833, -0.05905511811023624047 ) ) ;
#1950 = EDGE_LOOP ( 'NONE', ( #2847, #316, #1508, #2562, #162, #2126 ) ) ;
#1951 = SURFACE_STYLE_FILL_AREA ( #119 ) ;
#1952 = EDGE_LOOP ( 'NONE', ( #1545, #1011, #781, #803 ) ) ;
#1953 = PRESENTATION_LAYER_ASSIGNMENT (  '', '', ( #272 ) ) ;
#1954 = SURFACE_STYLE_USAGE ( .BOTH. , #150 ) ;
#1955 = FILL_AREA_STYLE_COLOUR ( '', #174 ) ;
#1956 = LINE ( 'NONE', #1305, #2100 ) ;
#1957 = MECHANICAL_DESIGN_GEOMETRIC_PRESENTATION_REPRESENTATION (  '', ( #2002 ), #2736 ) ;
#1958 = ORIENTED_EDGE ( 'NONE', *, *, #245, .T. ) ;
#1959 = CARTESIAN_POINT ( 'NONE',  ( 0.0000000000000000000, 0.0000000000000000000, 0.0000000000000000000 ) ) ;
#1960 = VECTOR ( 'NONE', #749, 39.37007874015748143 ) ;
#1961 = PRESENTATION_LAYER_ASSIGNMENT (  '', '', ( #284 ) ) ;
#1962 = DIRECTION ( 'NONE',  ( -1.000000000000000000, 0.0000000000000000000, -1.084202172485506406E-15 ) ) ;
#1963 = ADVANCED_FACE ( 'NONE', ( #2798 ), #2178, .F. ) ;
#1964 = FACE_OUTER_BOUND ( 'NONE', #2058, .T. ) ;
#1965 = VERTEX_POINT ( 'NONE', #1946 ) ;
#1966 =( GEOMETRIC_REPRESENTATION_CONTEXT ( 3 ) GLOBAL_UNCERTAINTY_ASSIGNED_CONTEXT ( ( #262 ) ) GLOBAL_UNIT_ASSIGNED_CONTEXT ( ( #1700, #1646, #2771 ) ) REPRESENTATION_CONTEXT ( 'NONE', 'WORKASPACE' ) );
#1967 =( GEOMETRIC_REPRESENTATION_CONTEXT ( 3 ) GLOBAL_UNCERTAINTY_ASSIGNED_CONTEXT ( ( #1416 ) ) GLOBAL_UNIT_ASSIGNED_CONTEXT ( ( #909, #1633, #273 ) ) REPRESENTATION_CONTEXT ( 'NONE', 'WORKASPACE' ) );
#1968 =( CONVERSION_BASED_UNIT ( 'INCH', #859 ) LENGTH_UNIT ( ) NAMED_UNIT ( #1872 ) );
#1969 = ORIENTED_EDGE ( 'NONE', *, *, #811, .F. ) ;
#1970 = EDGE_CURVE ( 'NONE', #1845, #1, #2768, .T. ) ;
#1971 =( LENGTH_UNIT ( ) NAMED_UNIT ( * ) SI_UNIT ( $, .METRE. ) );
#1972 = CARTESIAN_POINT ( 'NONE',  ( -0.03937007874015747977, 0.1102362204724409017, 0.1181102362204721895 ) ) ;
#1973 = ORIENTED_EDGE ( 'NONE', *, *, #1149, .F. ) ;
#1974 = EDGE_CURVE ( 'NONE', #1432, #1462, #2121, .T. ) ;
#1975 =( LENGTH_UNIT ( ) NAMED_UNIT ( * ) SI_UNIT ( $, .METRE. ) );
#1976 = LINE ( 'NONE', #2431, #2147 ) ;
#1977 = CARTESIAN_POINT ( 'NONE',  ( -0.3720472440944881942, -0.1377952755905511584, -0.1771653543307083745 ) ) ;
#1978 =( NAMED_UNIT ( * ) PLANE_ANGLE_UNIT ( ) SI_UNIT ( $, .RADIAN. ) );
#1979 = DIRECTION ( 'NONE',  ( 1.000000000000000000, 0.0000000000000000000, 0.0000000000000000000 ) ) ;
#1980 = ORIENTED_EDGE ( 'NONE', *, *, #2194, .F. ) ;
#1981 = UNCERTAINTY_MEASURE_WITH_UNIT (LENGTH_MEASURE( 1.000000000000000082E-05 ), #2918, 'distance_accuracy_value', 'NONE');
#1982 = SURFACE_STYLE_FILL_AREA ( #1717 ) ;
#1983 = CARTESIAN_POINT ( 'NONE',  ( -0.5314960629921260393, 0.08267716535433072833, 0.05905511811023622659 ) ) ;
#1984 = EDGE_LOOP ( 'NONE', ( #112, #574 ) ) ;
#1985 = APPLICATION_PROTOCOL_DEFINITION ( 'draft international standard', 'automotive_design', 1998, #2022 ) ;
#1986 = FACE_OUTER_BOUND ( 'NONE', #602, .T. ) ;
#1987 = CARTESIAN_POINT ( 'NONE',  ( -0.5669291338582678197, -0.2559055118110236671, 0.05905511811023622659 ) ) ;
#1988 = DIRECTION ( 'NONE',  ( -1.000000000000000000, -0.0000000000000000000, -0.0000000000000000000 ) ) ;
#1989 = SURFACE_STYLE_USAGE ( .BOTH. , #2006 ) ;
#1990 = SURFACE_STYLE_USAGE ( .BOTH. , #2832 ) ;
#1991 = VECTOR ( 'NONE', #1931, 39.37007874015748143 ) ;
#1992 = ORIENTED_EDGE ( 'NONE', *, *, #1789, .F. ) ;
#1993 = FILL_AREA_STYLE_COLOUR ( '', #576 ) ;
#1994 = EDGE_CURVE ( 'NONE', #1386, #2726, #609, .T. ) ;
#1995 = ORIENTED_EDGE ( 'NONE', *, *, #2698, .F. ) ;
#1996 = PRESENTATION_LAYER_ASSIGNMENT (  '', '', ( #2419 ) ) ;
#1997 = STYLED_ITEM ( 'NONE', ( #1790 ), #1488 ) ;
#1998 =( NAMED_UNIT ( * ) PLANE_ANGLE_UNIT ( ) SI_UNIT ( $, .RADIAN. ) );
#1999 =( CONVERSION_BASED_UNIT ( 'INCH', #2628 ) LENGTH_UNIT ( ) NAMED_UNIT ( #665 ) );
#2000 =( CONVERSION_BASED_UNIT ( 'INCH', #406 ) LENGTH_UNIT ( ) NAMED_UNIT ( #469 ) );
#2001 =( GEOMETRIC_REPRESENTATION_CONTEXT ( 3 ) GLOBAL_UNCERTAINTY_ASSIGNED_CONTEXT ( ( #1561 ) ) GLOBAL_UNIT_ASSIGNED_CONTEXT ( ( #1402, #497, #1182 ) ) REPRESENTATION_CONTEXT ( 'NONE', 'WORKASPACE' ) );
#2002 = STYLED_ITEM ( 'NONE', ( #2948 ), #905 ) ;
#2003 = LINE ( 'NONE', #2190, #2052 ) ;
#2004 = ADVANCED_FACE ( 'NONE', ( #1568 ), #1107, .F. ) ;
#2005 = CARTESIAN_POINT ( 'NONE',  ( -0.1377952755905511861, 1.807981821588045721E-19, 0.1771653543307077361 ) ) ;
#2006 = SURFACE_SIDE_STYLE ('',( #2212 ) ) ;
#2007 =( GEOMETRIC_REPRESENTATION_CONTEXT ( 3 ) GLOBAL_UNCERTAINTY_ASSIGNED_CONTEXT ( ( #2449 ) ) GLOBAL_UNIT_ASSIGNED_CONTEXT ( ( #651, #825, #1826 ) ) REPRESENTATION_CONTEXT ( 'NONE', 'WORKASPACE' ) );
#2008 = VECTOR ( 'NONE', #2869, 39.37007874015748143 ) ;
#2009 = VECTOR ( 'NONE', #2075, 39.37007874015748143 ) ;
#2010 = ADVANCED_FACE ( 'NONE', ( #418 ), #167, .F. ) ;
#2011 = CARTESIAN_POINT ( 'NONE',  ( -0.2125984251968503769, -0.2559055118110236671, 0.04921259842519686012 ) ) ;
#2012 = VECTOR ( 'NONE', #2383, 39.37007874015748143 ) ;
#2013 = EDGE_LOOP ( 'NONE', ( #2428, #2649, #1206, #302 ) ) ;
#2014 = UNCERTAINTY_MEASURE_WITH_UNIT (LENGTH_MEASURE( 1.000000000000000082E-05 ), #2657, 'distance_accuracy_value', 'NONE');
#2015 = AXIS2_PLACEMENT_3D ( 'NONE', #1404, #2542, #315 ) ;
#2016 = CARTESIAN_POINT ( 'NONE',  ( -0.5669291338582678197, 1.807981821588045721E-19, 0.1771653543307077361 ) ) ;
#2017 = SURFACE_STYLE_USAGE ( .BOTH. , #1327 ) ;
#2018 = ORIENTED_EDGE ( 'NONE', *, *, #1742, .F. ) ;
#2019 = PRODUCT_DEFINITION_FORMATION_WITH_SPECIFIED_SOURCE ( 'ANY', '', #1658, .NOT_KNOWN. ) ;
#2020 = DIRECTION ( 'NONE',  ( 0.0000000000000000000, 1.000000000000000000, 1.927470528863119049E-16 ) ) ;
#2021 =( CONVERSION_BASED_UNIT ( 'INCH', #2641 ) LENGTH_UNIT ( ) NAMED_UNIT ( #1178 ) );
#2022 = APPLICATION_CONTEXT ( 'automotive_design' ) ;
#2023 =( NAMED_UNIT ( * ) SI_UNIT ( $, .STERADIAN. ) SOLID_ANGLE_UNIT ( ) );
#2024 =( NAMED_UNIT ( * ) PLANE_ANGLE_UNIT ( ) SI_UNIT ( $, .RADIAN. ) );
#2025 = VERTEX_POINT ( 'NONE', #142 ) ;
#2026 = EDGE_CURVE ( 'NONE', #2094, #2150, #1070, .T. ) ;
#2027 = PRESENTATION_STYLE_ASSIGNMENT (( #2347 ) ) ;
#2028 = CARTESIAN_POINT ( 'NONE',  ( 0.0000000000000000000, -0.2559055118110236671, 0.1771653543307089296 ) ) ;
#2029 = ORIENTED_EDGE ( 'NONE', *, *, #735, .T. ) ;
#2030 = DIRECTION ( 'NONE',  ( -0.0000000000000000000, -1.000000000000000000, -0.0000000000000000000 ) ) ;
#2031 = CARTESIAN_POINT ( 'NONE',  ( -0.3110236220472440416, -0.3152657504332821436, -0.04921259842519684624 ) ) ;
#2032 = CARTESIAN_POINT ( 'NONE',  ( -0.5669291338582678197, -0.2559055118110236671, 0.1771653543307089296 ) ) ;
#2033 = SURFACE_STYLE_USAGE ( .BOTH. , #2263 ) ;
#2034 = SURFACE_STYLE_FILL_AREA ( #191 ) ;
#2035 = LINE ( 'NONE', #1520, #81 ) ;
#2036 = DIMENSIONAL_EXPONENTS ( 1.000000000000000000, 0.0000000000000000000, 0.0000000000000000000, 0.0000000000000000000, 0.0000000000000000000, 0.0000000000000000000, 0.0000000000000000000 ) ;
#2037 = LENGTH_MEASURE_WITH_UNIT ( LENGTH_MEASURE( 0.02539999999999999897 ), #2274 );
#2038 = ORIENTED_EDGE ( 'NONE', *, *, #572, .T. ) ;
#2039 = SURFACE_STYLE_USAGE ( .BOTH. , #2330 ) ;
#2040 = CARTESIAN_POINT ( 'NONE',  ( -0.2755905511811023723, 0.0000000000000000000, 0.0000000000000000000 ) ) ;
#2041 = ORIENTED_EDGE ( 'NONE', *, *, #2555, .F. ) ;
#2042 = VECTOR ( 'NONE', #2728, 39.37007874015748854 ) ;
#2043 = DIRECTION ( 'NONE',  ( -1.000000000000000000, 0.0000000000000000000, 0.0000000000000000000 ) ) ;
#2044 = SURFACE_STYLE_FILL_AREA ( #242 ) ;
#2045 = ADVANCED_FACE ( 'NONE', ( #2716 ), #479, .T. ) ;
#2046 = DIRECTION ( 'NONE',  ( -1.000000000000000000, 0.0000000000000000000, 0.0000000000000000000 ) ) ;
#2047 = FACE_OUTER_BOUND ( 'NONE', #459, .T. ) ;
#2048 =( GEOMETRIC_REPRESENTATION_CONTEXT ( 3 ) GLOBAL_UNCERTAINTY_ASSIGNED_CONTEXT ( ( #1236 ) ) GLOBAL_UNIT_ASSIGNED_CONTEXT ( ( #2899, #1349, #2943 ) ) REPRESENTATION_CONTEXT ( 'NONE', 'WORKASPACE' ) );
#2049 = SURFACE_STYLE_FILL_AREA ( #2300 ) ;
#2050 = SURFACE_STYLE_FILL_AREA ( #1602 ) ;
#2051 = AXIS2_PLACEMENT_3D ( 'NONE', #1754, #2663, #160 ) ;
#2052 = VECTOR ( 'NONE', #1096, 39.37007874015748143 ) ;
#2053 = ORIENTED_EDGE ( 'NONE', *, *, #1370, .T. ) ;
#2054 = VECTOR ( 'NONE', #2271, 39.37007874015748143 ) ;
#2055 = DIMENSIONAL_EXPONENTS ( 1.000000000000000000, 0.0000000000000000000, 0.0000000000000000000, 0.0000000000000000000, 0.0000000000000000000, 0.0000000000000000000, 0.0000000000000000000 ) ;
#2056 = COLOUR_RGB ( '',0.2509803921568627416, 0.2509803921568627416, 0.2509803921568627416 ) ;
#2057 =( NAMED_UNIT ( * ) SI_UNIT ( $, .STERADIAN. ) SOLID_ANGLE_UNIT ( ) );
#2058 = EDGE_LOOP ( 'NONE', ( #833, #607, #618, #11 ) ) ;
#2059 = VECTOR ( 'NONE', #143, 39.37007874015748143 ) ;
#2060 = EDGE_CURVE ( 'NONE', #1560, #2395, #740, .T. ) ;
#2061 =( LENGTH_UNIT ( ) NAMED_UNIT ( * ) SI_UNIT ( $, .METRE. ) );
#2062 = LINE ( 'NONE', #2944, #1190 ) ;
#2063 = DIRECTION ( 'NONE',  ( 1.000000000000000000, 0.0000000000000000000, 3.469446951953614189E-16 ) ) ;
#2064 = CARTESIAN_POINT ( 'NONE',  ( -0.5669291338582678197, -0.1574803149606298913, 0.05905511811023622659 ) ) ;
#2065 = EDGE_CURVE ( 'NONE', #1228, #785, #209, .T. ) ;
#2066 = SURFACE_STYLE_FILL_AREA ( #1853 ) ;
#2067 = SURFACE_STYLE_FILL_AREA ( #1856 ) ;
#2068 = LINE ( 'NONE', #25, #856 ) ;
#2069 = CARTESIAN_POINT ( 'NONE',  ( -0.3305933461567748810, -0.3510888501537664519, 0.04888004362012800252 ) ) ;
#2070 = EDGE_LOOP ( 'NONE', ( #1460, #633, #1868, #947, #2265 ) ) ;
#2071 = EDGE_LOOP ( 'NONE', ( #546, #13, #819, #165 ) ) ;
#2072 = CARTESIAN_POINT ( 'NONE',  ( -0.03937007874015747977, 0.1771653543307087075, -0.1771653543307084022 ) ) ;
#2073 = DIMENSIONAL_EXPONENTS ( 1.000000000000000000, 0.0000000000000000000, 0.0000000000000000000, 0.0000000000000000000, 0.0000000000000000000, 0.0000000000000000000, 0.0000000000000000000 ) ;
#2074 = DIRECTION ( 'NONE',  ( 1.000000000000000000, 0.0000000000000000000, 0.0000000000000000000 ) ) ;
#2075 = DIRECTION ( 'NONE',  ( 0.0000000000000000000, -1.000000000000000000, 0.0000000000000000000 ) ) ;
#2076 = SURFACE_STYLE_USAGE ( .BOTH. , #462 ) ;
#2077 =( LENGTH_UNIT ( ) NAMED_UNIT ( * ) SI_UNIT ( $, .METRE. ) );
#2078 = EDGE_CURVE ( 'NONE', #1526, #2839, #2261, .T. ) ;
#2079 = ORIENTED_EDGE ( 'NONE', *, *, #1518, .F. ) ;
#2080 =( LENGTH_UNIT ( ) NAMED_UNIT ( * ) SI_UNIT ( $, .METRE. ) );
#2081 = ORIENTED_EDGE ( 'NONE', *, *, #2454, .T. ) ;
#2082 = EDGE_CURVE ( 'NONE', #2839, #1160, #227, .T. ) ;
#2083 = CARTESIAN_POINT ( 'NONE',  ( -0.4212598425196850127, -0.3444881889763780070, -0.1929133858267720325 ) ) ;
#2084 = CARTESIAN_POINT ( 'NONE',  ( -0.4704724409448819422, -0.1377952755905511584, -0.1771653543307083745 ) ) ;
#2085 = SURFACE_SIDE_STYLE ('',( #2502 ) ) ;
#2086 = VECTOR ( 'NONE', #371, 39.37007874015748143 ) ;
#2087 = STYLED_ITEM ( 'NONE', ( #2532 ), #202 ) ;
#2088 = DIMENSIONAL_EXPONENTS ( 1.000000000000000000, 0.0000000000000000000, 0.0000000000000000000, 0.0000000000000000000, 0.0000000000000000000, 0.0000000000000000000, 0.0000000000000000000 ) ;
#2089 = PRESENTATION_LAYER_ASSIGNMENT (  '', '', ( #757 ) ) ;
#2090 = EDGE_CURVE ( 'NONE', #488, #2463, #893, .T. ) ;
#2091 = CYLINDRICAL_SURFACE ( 'NONE', #1720, 0.1279527559055118335 ) ;
#2092 = AXIS2_PLACEMENT_3D ( 'NONE', #1009, #2814, #550 ) ;
#2093 = DIRECTION ( 'NONE',  ( -1.000000000000000000, 0.0000000000000000000, 0.0000000000000000000 ) ) ;
#2094 = VERTEX_POINT ( 'NONE', #2298 ) ;
#2095 = COLOUR_RGB ( '',0.7450980392156862919, 0.7450980392156862919, 0.7450980392156862919 ) ;
#2096 = PRESENTATION_LAYER_ASSIGNMENT (  '', '', ( #861 ) ) ;
#2097 = EDGE_CURVE ( 'NONE', #2655, #2639, #897, .T. ) ;
#2098 = PRESENTATION_STYLE_ASSIGNMENT (( #1892 ) ) ;
#2099 = CARTESIAN_POINT ( 'NONE',  ( -0.2952755905511810774, -0.2559055118110236671, -0.04921259842519686012 ) ) ;
#2100 = VECTOR ( 'NONE', #2838, 39.37007874015748143 ) ;
#2101 = VERTEX_POINT ( 'NONE', #2483 ) ;
#2102 = AXIS2_PLACEMENT_3D ( 'NONE', #1822, #1844, #2721 ) ;
#2103 = FACE_OUTER_BOUND ( 'NONE', #1950, .T. ) ;
#2104 =( CONVERSION_BASED_UNIT ( 'INCH', #787 ) LENGTH_UNIT ( ) NAMED_UNIT ( #30 ) );
#2105 = DIRECTION ( 'NONE',  ( 0.6246950475544256198, 0.7808688094430293880, 0.0000000000000000000 ) ) ;
#2106 = LINE ( 'NONE', #1941, #2289 ) ;
#2107 =( LENGTH_UNIT ( ) NAMED_UNIT ( * ) SI_UNIT ( $, .METRE. ) );
#2108 = DIRECTION ( 'NONE',  ( 1.000000000000000000, 0.0000000000000000000, 0.0000000000000000000 ) ) ;
#2109 =( NAMED_UNIT ( * ) PLANE_ANGLE_UNIT ( ) SI_UNIT ( $, .RADIAN. ) );
#2110 = ORIENTED_EDGE ( 'NONE', *, *, #1793, .T. ) ;
#2111 = SURFACE_SIDE_STYLE ('',( #1665 ) ) ;
#2112 =( NAMED_UNIT ( * ) SI_UNIT ( $, .STERADIAN. ) SOLID_ANGLE_UNIT ( ) );
#2113 = ORIENTED_EDGE ( 'NONE', *, *, #1659, .F. ) ;
#2114 = EDGE_CURVE ( 'NONE', #1470, #239, #22, .T. ) ;
#2115 = CARTESIAN_POINT ( 'NONE',  ( -0.5669291338582678197, -0.1574803149606298913, 0.1771653543307089296 ) ) ;
#2116 = FILL_AREA_STYLE ('',( #964 ) ) ;
#2117 = PRESENTATION_STYLE_ASSIGNMENT (( #97 ) ) ;
#2118 = ORIENTED_EDGE ( 'NONE', *, *, #2868, .T. ) ;
#2119 =( NAMED_UNIT ( * ) SI_UNIT ( $, .STERADIAN. ) SOLID_ANGLE_UNIT ( ) );
#2120 = CARTESIAN_POINT ( 'NONE',  ( -0.3934990221278217293, -0.1574803149606298913, 0.05905511811023622659 ) ) ;
#2121 = LINE ( 'NONE', #2244, #2205 ) ;
#2122 =( BOUNDED_CURVE ( )  B_SPLINE_CURVE ( 3, ( #2534, #1692, #270, #2778 ),
 .UNSPECIFIED., .F., .T. ) 
 B_SPLINE_CURVE_WITH_KNOTS ( ( 4, 4 ),
 ( 0.0000000000000000000, 1.274806269067609854 ),
 .UNSPECIFIED. ) 
 CURVE ( )  GEOMETRIC_REPRESENTATION_ITEM ( )  RATIONAL_B_SPLINE_CURVE ( ( 1.000000000000000000, 0.8690959252068661822, 0.8690959252068661822, 1.000000000000000000 ) ) 
 REPRESENTATION_ITEM ( '' )  );
#2123 = PLANE ( 'NONE',  #1771 ) ;
#2124 =( NAMED_UNIT ( * ) PLANE_ANGLE_UNIT ( ) SI_UNIT ( $, .RADIAN. ) );
#2125 =( NAMED_UNIT ( * ) SI_UNIT ( $, .STERADIAN. ) SOLID_ANGLE_UNIT ( ) );
#2126 = ORIENTED_EDGE ( 'NONE', *, *, #1705, .F. ) ;
#2127 = SURFACE_SIDE_STYLE ('',( #2774 ) ) ;
#2128 = CARTESIAN_POINT ( 'NONE',  ( -0.09842519685039370636, 0.1102362204724409017, 0.1771653543307084022 ) ) ;
#2129 = ORIENTED_EDGE ( 'NONE', *, *, #2408, .T. ) ;
#2130 = UNCERTAINTY_MEASURE_WITH_UNIT (LENGTH_MEASURE( 1.000000000000000082E-05 ), #1968, 'distance_accuracy_value', 'NONE');
#2131 = EDGE_CURVE ( 'NONE', #1801, #688, #1839, .T. ) ;
#2132 = CARTESIAN_POINT ( 'NONE',  ( -0.1377952755905511861, 1.807981821588045721E-19, 0.1771653543307077361 ) ) ;
#2133 = DIMENSIONAL_EXPONENTS ( 1.000000000000000000, 0.0000000000000000000, 0.0000000000000000000, 0.0000000000000000000, 0.0000000000000000000, 0.0000000000000000000, 0.0000000000000000000 ) ;
#2134 = FACE_OUTER_BOUND ( 'NONE', #2417, .T. ) ;
#2135 = VERTEX_POINT ( 'NONE', #722 ) ;
#2136 = SURFACE_SIDE_STYLE ('',( #308 ) ) ;
#2137 = ORIENTED_EDGE ( 'NONE', *, *, #1793, .F. ) ;
#2138 = DIRECTION ( 'NONE',  ( -1.000000000000000000, -0.0000000000000000000, -0.0000000000000000000 ) ) ;
#2139 = SURFACE_SIDE_STYLE ('',( #1230 ) ) ;
#2140 = FILL_AREA_STYLE ('',( #2600 ) ) ;
#2141 = SURFACE_SIDE_STYLE ('',( #2784 ) ) ;
#2142 = LENGTH_MEASURE_WITH_UNIT ( LENGTH_MEASURE( 0.02539999999999999897 ), #796 );
#2143 = CYLINDRICAL_SURFACE ( 'NONE', #2015, 0.04921259842519685318 ) ;
#2144 = STYLED_ITEM ( 'NONE', ( #1567 ), #1353 ) ;
#2145 =( GEOMETRIC_REPRESENTATION_CONTEXT ( 3 ) GLOBAL_UNCERTAINTY_ASSIGNED_CONTEXT ( ( #591 ) ) GLOBAL_UNIT_ASSIGNED_CONTEXT ( ( #2806, #1650, #368 ) ) REPRESENTATION_CONTEXT ( 'NONE', 'WORKASPACE' ) );
#2146 = VERTEX_POINT ( 'NONE', #2522 ) ;
#2147 = VECTOR ( 'NONE', #393, 39.37007874015748143 ) ;
#2148 =( GEOMETRIC_REPRESENTATION_CONTEXT ( 3 ) GLOBAL_UNCERTAINTY_ASSIGNED_CONTEXT ( ( #2256 ) ) GLOBAL_UNIT_ASSIGNED_CONTEXT ( ( #514, #2109, #2770 ) ) REPRESENTATION_CONTEXT ( 'NONE', 'WORKASPACE' ) );
#2149 = FILL_AREA_STYLE ('',( #1418 ) ) ;
#2150 = VERTEX_POINT ( 'NONE', #2084 ) ;
#2151 = COLOUR_RGB ( '',0.7450980392156862919, 0.7450980392156862919, 0.7450980392156862919 ) ;
#2152 = VECTOR ( 'NONE', #935, 39.37007874015748143 ) ;
#2153 = MECHANICAL_DESIGN_GEOMETRIC_PRESENTATION_REPRESENTATION (  '', ( #1763 ), #993 ) ;
#2154 = ORIENTED_EDGE ( 'NONE', *, *, #963, .T. ) ;
#2155 = FILL_AREA_STYLE_COLOUR ( '', #544 ) ;
#2156 = EDGE_CURVE ( 'NONE', #2025, #1324, #494, .T. ) ;
#2157 = COLOUR_RGB ( '',0.7450980392156862919, 0.7450980392156862919, 0.7450980392156862919 ) ;
#2158 = VERTEX_POINT ( 'NONE', #1179 ) ;
#2159 = DIRECTION ( 'NONE',  ( -0.7808688094430306093, 0.6246950475544239545, 0.0000000000000000000 ) ) ;
#2160 = CARTESIAN_POINT ( 'NONE',  ( -0.5472440944881890035, -0.1574803149606298913, 0.05905511811023622659 ) ) ;
#2161 = COLOUR_RGB ( '',0.2509803921568627416, 0.2509803921568627416, 0.2509803921568627416 ) ;
#2162 = EDGE_CURVE ( 'NONE', #2575, #336, #1928, .T. ) ;
#2163 = CARTESIAN_POINT ( 'NONE',  ( -0.5240776939586162531, -0.3413677660929496094, 0.05905511811023622659 ) ) ;
#2164 = FILL_AREA_STYLE_COLOUR ( '', #132 ) ;
#2165 =( CONVERSION_BASED_UNIT ( 'INCH', #2142 ) LENGTH_UNIT ( ) NAMED_UNIT ( #2681 ) );
#2166 = VERTEX_POINT ( 'NONE', #967 ) ;
#2167 =( LENGTH_UNIT ( ) NAMED_UNIT ( * ) SI_UNIT ( $, .METRE. ) );
#2168 = ORIENTED_EDGE ( 'NONE', *, *, #2368, .F. ) ;
#2169 = UNCERTAINTY_MEASURE_WITH_UNIT (LENGTH_MEASURE( 1.000000000000000082E-05 ), #2853, 'distance_accuracy_value', 'NONE');
#2170 =( NAMED_UNIT ( * ) SI_UNIT ( $, .STERADIAN. ) SOLID_ANGLE_UNIT ( ) );
#2171 =( CONVERSION_BASED_UNIT ( 'INCH', #291 ) LENGTH_UNIT ( ) NAMED_UNIT ( #2073 ) );
#2172 = CARTESIAN_POINT ( 'NONE',  ( -0.5393700787401576324, -0.3937007874015748254, 0.0000000000000000000 ) ) ;
#2173 = ORIENTED_EDGE ( 'NONE', *, *, #1518, .T. ) ;
#2174 = SURFACE_STYLE_FILL_AREA ( #2393 ) ;
#2175 = FILL_AREA_STYLE_COLOUR ( '', #849 ) ;
#2176 = DIRECTION ( 'NONE',  ( -0.0000000000000000000, -0.0000000000000000000, -1.000000000000000000 ) ) ;
#2177 = PRODUCT_RELATED_PRODUCT_CATEGORY ( 'part', '', ( #1658 ) ) ;
#2178 = PLANE ( 'NONE',  #674 ) ;
#2179 = CYLINDRICAL_SURFACE ( 'NONE', #526, 0.01574803149606296415 ) ;
#2180 = DIRECTION ( 'NONE',  ( 1.000000000000000000, 0.0000000000000000000, 0.0000000000000000000 ) ) ;
#2181 = ORIENTED_EDGE ( 'NONE', *, *, #2065, .T. ) ;
#2182 = ORIENTED_EDGE ( 'NONE', *, *, #1504, .T. ) ;
#2183 = DIRECTION ( 'NONE',  ( -1.000000000000000000, 0.0000000000000000000, 0.0000000000000000000 ) ) ;
#2184 = FACE_OUTER_BOUND ( 'NONE', #2861, .T. ) ;
#2185 = SURFACE_STYLE_FILL_AREA ( #2653 ) ;
#2186 = EDGE_LOOP ( 'NONE', ( #84, #1415, #1074, #2620 ) ) ;
#2187 =( CONVERSION_BASED_UNIT ( 'INCH', #358 ) LENGTH_UNIT ( ) NAMED_UNIT ( #558 ) );
#2188 = EDGE_CURVE ( 'NONE', #1610, #1965, #68, .T. ) ;
#2189 = CARTESIAN_POINT ( 'NONE',  ( 0.0000000000000000000, 0.0000000000000000000, 0.0000000000000000000 ) ) ;
#2190 = CARTESIAN_POINT ( 'NONE',  ( -0.3934990221278217293, -0.2559055118110236671, 0.05905511811023622659 ) ) ;
#2191 = DIRECTION ( 'NONE',  ( 1.000000000000000000, 0.0000000000000000000, 0.0000000000000000000 ) ) ;
#2192 = CARTESIAN_POINT ( 'NONE',  ( -0.3264784046652713378, -0.3477968969605635396, -0.04921259842519682542 ) ) ;
#2193 = ORIENTED_EDGE ( 'NONE', *, *, #2215, .T. ) ;
#2194 = EDGE_CURVE ( 'NONE', #1845, #488, #1199, .T. ) ;
#2195 = CIRCLE ( 'NONE', #2236, 0.04921259842519682542 ) ;
#2196 = PLANE ( 'NONE',  #2102 ) ;
#2197 = ORIENTED_EDGE ( 'NONE', *, *, #2026, .T. ) ;
#2198 = UNCERTAINTY_MEASURE_WITH_UNIT (LENGTH_MEASURE( 1.000000000000000082E-05 ), #1365, 'distance_accuracy_value', 'NONE');
#2199 = EDGE_CURVE ( 'NONE', #2392, #1358, #1017, .T. ) ;
#2200 = PRESENTATION_LAYER_ASSIGNMENT (  '', '', ( #525 ) ) ;
#2201 = STYLED_ITEM ( 'NONE', ( #1055 ), #553 ) ;
#2202 =( LENGTH_UNIT ( ) NAMED_UNIT ( * ) SI_UNIT ( $, .METRE. ) );
#2203 = MECHANICAL_DESIGN_GEOMETRIC_PRESENTATION_REPRESENTATION (  '', ( #1768 ), #429 ) ;
#2204 = ORIENTED_EDGE ( 'NONE', *, *, #324, .F. ) ;
#2205 = VECTOR ( 'NONE', #1555, 39.37007874015748143 ) ;
#2206 = COLOUR_RGB ( '',0.2509803921568627416, 0.2509803921568627416, 0.2509803921568627416 ) ;
#2207 = SURFACE_SIDE_STYLE ('',( #1308 ) ) ;
#2208 = CARTESIAN_POINT ( 'NONE',  ( -0.5192027583072978958, -0.3937007874015748254, 0.05905511811023622659 ) ) ;
#2209 =( LENGTH_UNIT ( ) NAMED_UNIT ( * ) SI_UNIT ( $, .METRE. ) );
#2210 = VECTOR ( 'NONE', #1484, 39.37007874015748143 ) ;
#2211 = CARTESIAN_POINT ( 'NONE',  ( -0.5669291338582678197, -0.2559055118110236671, 0.1771653543307089296 ) ) ;
#2212 = SURFACE_STYLE_FILL_AREA ( #378 ) ;
#2213 = PRESENTATION_LAYER_ASSIGNMENT (  '', '', ( #681 ) ) ;
#2214 = ORIENTED_EDGE ( 'NONE', *, *, #364, .T. ) ;
#2215 = EDGE_CURVE ( 'NONE', #123, #1235, #817, .T. ) ;
#2216 = FILL_AREA_STYLE ('',( #1286 ) ) ;
#2217 = ORIENTED_EDGE ( 'NONE', *, *, #118, .F. ) ;
#2218 =( CONVERSION_BASED_UNIT ( 'INCH', #2626 ) LENGTH_UNIT ( ) NAMED_UNIT ( #777 ) );
#2219 = CARTESIAN_POINT ( 'NONE',  ( -0.4857391518583076828, -0.3518712793403370176, 0.05905511811023622659 ) ) ;
#2220 = CARTESIAN_POINT ( 'NONE',  ( -0.5314960629921260393, -0.1574803149606298913, 0.1771653543307089296 ) ) ;
#2221 = LENGTH_MEASURE_WITH_UNIT ( LENGTH_MEASURE( 0.02539999999999999897 ), #2633 );
#2222 = EDGE_CURVE ( 'NONE', #1647, #975, #1490, .T. ) ;
#2223 = FACE_OUTER_BOUND ( 'NONE', #138, .T. ) ;
#2224 = VERTEX_POINT ( 'NONE', #1653 ) ;
#2225 = UNCERTAINTY_MEASURE_WITH_UNIT (LENGTH_MEASURE( 1.000000000000000082E-05 ), #620, 'distance_accuracy_value', 'NONE');
#2226 = DIRECTION ( 'NONE',  ( 0.0000000000000000000, 0.0000000000000000000, 1.000000000000000000 ) ) ;
#2227 = CARTESIAN_POINT ( 'NONE',  ( -0.5314960629921260393, 0.08267716535433072833, -0.05905511811023622659 ) ) ;
#2228 = ORIENTED_EDGE ( 'NONE', *, *, #2267, .T. ) ;
#2229 = LINE ( 'NONE', #1276, #1377 ) ;
#2230 = DIRECTION ( 'NONE',  ( -1.000000000000000000, 0.0000000000000000000, 0.0000000000000000000 ) ) ;
#2231 = DIRECTION ( 'NONE',  ( -1.000000000000000000, 0.0000000000000000000, 0.0000000000000000000 ) ) ;
#2232 =( LENGTH_UNIT ( ) NAMED_UNIT ( * ) SI_UNIT ( $, .METRE. ) );
#2233 = CARTESIAN_POINT ( 'NONE',  ( -0.09842519685039370636, 0.1771653543307087075, -0.1771653543307084022 ) ) ;
#2234 = COLOUR_RGB ( '',0.7450980392156862919, 0.7450980392156862919, 0.7450980392156862919 ) ;
#2235 = ORIENTED_EDGE ( 'NONE', *, *, #846, .F. ) ;
#2236 = AXIS2_PLACEMENT_3D ( 'NONE', #1315, #2836, #163 ) ;
#2237 = PRESENTATION_STYLE_ASSIGNMENT (( #1186 ) ) ;
#2238 =( NAMED_UNIT ( * ) PLANE_ANGLE_UNIT ( ) SI_UNIT ( $, .RADIAN. ) );
#2239 = EDGE_LOOP ( 'NONE', ( #2288, #295 ) ) ;
#2240 = AXIS2_PLACEMENT_3D ( 'NONE', #1069, #610, #2617 ) ;
#2241 = VECTOR ( 'NONE', #2651, 39.37007874015748143 ) ;
#2242 = FILL_AREA_STYLE ('',( #1289 ) ) ;
#2243 = PRESENTATION_LAYER_ASSIGNMENT (  '', '', ( #718 ) ) ;
#2244 = CARTESIAN_POINT ( 'NONE',  ( -0.5669291338582678197, -0.1574803149606298913, 0.1771653543307089296 ) ) ;
#2245 = SURFACE_SIDE_STYLE ('',( #395 ) ) ;
#2246 = AXIS2_PLACEMENT_3D ( 'NONE', #2525, #1378, #1411 ) ;
#2247 = CARTESIAN_POINT ( 'NONE',  ( -0.5669291338582678197, 0.1771653543307086798, -0.1771653543307086243 ) ) ;
#2248 = FACE_OUTER_BOUND ( 'NONE', #899, .T. ) ;
#2249 = MECHANICAL_DESIGN_GEOMETRIC_PRESENTATION_REPRESENTATION (  '', ( #862 ), #1061 ) ;
#2250 = VECTOR ( 'NONE', #1678, 39.37007874015748143 ) ;
#2251 = EDGE_CURVE ( 'NONE', #889, #2787, #1209, .T. ) ;
#2252 = DIMENSIONAL_EXPONENTS ( 1.000000000000000000, 0.0000000000000000000, 0.0000000000000000000, 0.0000000000000000000, 0.0000000000000000000, 0.0000000000000000000, 0.0000000000000000000 ) ;
#2253 = LINE ( 'NONE', #2011, #2889 ) ;
#2254 = CIRCLE ( 'NONE', #31, 0.04921259842519685318 ) ;
#2255 = ORIENTED_EDGE ( 'NONE', *, *, #2278, .F. ) ;
#2256 = UNCERTAINTY_MEASURE_WITH_UNIT (LENGTH_MEASURE( 1.000000000000000082E-05 ), #514, 'distance_accuracy_value', 'NONE');
#2257 = LINE ( 'NONE', #2016, #1095 ) ;
#2258 = CARTESIAN_POINT ( 'NONE',  ( -0.3346456692913385433, -0.3543307086614174151, 0.04821830202329090154 ) ) ;
#2259 = ORIENTED_EDGE ( 'NONE', *, *, #258, .T. ) ;
#2260 = SURFACE_STYLE_FILL_AREA ( #2498 ) ;
#2261 = LINE ( 'NONE', #1121, #1629 ) ;
#2262 = DIRECTION ( 'NONE',  ( 0.0000000000000000000, 0.0000000000000000000, -1.000000000000000000 ) ) ;
#2263 = SURFACE_SIDE_STYLE ('',( #482 ) ) ;
#2264 =( NAMED_UNIT ( * ) PLANE_ANGLE_UNIT ( ) SI_UNIT ( $, .RADIAN. ) );
#2265 = ORIENTED_EDGE ( 'NONE', *, *, #811, .T. ) ;
#2266 = DIMENSIONAL_EXPONENTS ( 1.000000000000000000, 0.0000000000000000000, 0.0000000000000000000, 0.0000000000000000000, 0.0000000000000000000, 0.0000000000000000000, 0.0000000000000000000 ) ;
#2267 = EDGE_CURVE ( 'NONE', #2557, #253, #2106, .T. ) ;
#2268 = LINE ( 'NONE', #1360, #1395 ) ;
#2269 = EDGE_LOOP ( 'NONE', ( #734, #2951, #1394, #2228 ) ) ;
#2270 = FACE_OUTER_BOUND ( 'NONE', #2013, .T. ) ;
#2271 = DIRECTION ( 'NONE',  ( 0.0000000000000000000, 1.000000000000000000, 0.0000000000000000000 ) ) ;
#2272 = PRESENTATION_STYLE_ASSIGNMENT (( #2076 ) ) ;
#2273 = FILL_AREA_STYLE_COLOUR ( '', #634 ) ;
#2274 =( LENGTH_UNIT ( ) NAMED_UNIT ( * ) SI_UNIT ( $, .METRE. ) );
#2275 = FILL_AREA_STYLE_COLOUR ( '', #2394 ) ;
#2276 =( CONVERSION_BASED_UNIT ( 'INCH', #458 ) LENGTH_UNIT ( ) NAMED_UNIT ( #2036 ) );
#2277 = ORIENTED_EDGE ( 'NONE', *, *, #644, .F. ) ;
#2278 = EDGE_CURVE ( 'NONE', #2384, #2101, #2122, .T. ) ;
#2279 = DIRECTION ( 'NONE',  ( -1.000000000000000000, 0.0000000000000000000, 0.0000000000000000000 ) ) ;
#2280 = DIMENSIONAL_EXPONENTS ( 1.000000000000000000, 0.0000000000000000000, 0.0000000000000000000, 0.0000000000000000000, 0.0000000000000000000, 0.0000000000000000000, 0.0000000000000000000 ) ;
#2281 = CARTESIAN_POINT ( 'NONE',  ( -0.5669291338582678197, 7.231927286352638368E-19, -0.1614173228346456601 ) ) ;
#2282 = COLOUR_RGB ( '',0.2509803921568627416, 0.2509803921568627416, 0.2509803921568627416 ) ;
#2283 = MECHANICAL_DESIGN_GEOMETRIC_PRESENTATION_REPRESENTATION (  '', ( #718 ), #1815 ) ;
#2284 = FACE_OUTER_BOUND ( 'NONE', #2622, .T. ) ;
#2285 = AXIS2_PLACEMENT_3D ( 'NONE', #697, #2313, #687 ) ;
#2286 = STYLED_ITEM ( 'NONE', ( #1250 ), #1963 ) ;
#2287 = LENGTH_MEASURE_WITH_UNIT ( LENGTH_MEASURE( 0.02539999999999999897 ), #873 );
#2288 = ORIENTED_EDGE ( 'NONE', *, *, #887, .F. ) ;
#2289 = VECTOR ( 'NONE', #995, 39.37007874015748143 ) ;
#2290 = MECHANICAL_DESIGN_GEOMETRIC_PRESENTATION_REPRESENTATION (  '', ( #1920 ), #1012 ) ;
#2291 = PRESENTATION_STYLE_ASSIGNMENT (( #2910 ) ) ;
#2292 = ORIENTED_EDGE ( 'NONE', *, *, #924, .T. ) ;
#2293 = PRESENTATION_LAYER_ASSIGNMENT (  '', '', ( #2618 ) ) ;
#2294 = EDGE_CURVE ( 'NONE', #2845, #2726, #2421, .T. ) ;
#2295 = LINE ( 'NONE', #1849, #2042 ) ;
#2296 = DIRECTION ( 'NONE',  ( 0.0000000000000000000, 2.891205793294684736E-16, -1.000000000000000000 ) ) ;
#2297 = DIRECTION ( 'NONE',  ( 0.0000000000000000000, -1.000000000000000000, 5.519574696289841831E-16 ) ) ;
#2298 = CARTESIAN_POINT ( 'NONE',  ( -0.3720472440944881942, -0.1377952755905511584, -0.1771653543307083745 ) ) ;
#2299 = DIRECTION ( 'NONE',  ( 0.0000000000000000000, 0.0000000000000000000, -1.000000000000000000 ) ) ;
#2300 = FILL_AREA_STYLE ('',( #2749 ) ) ;
#2301 = DIMENSIONAL_EXPONENTS ( 1.000000000000000000, 0.0000000000000000000, 0.0000000000000000000, 0.0000000000000000000, 0.0000000000000000000, 0.0000000000000000000, 0.0000000000000000000 ) ;
#2302 = DIRECTION ( 'NONE',  ( 1.000000000000000000, 0.0000000000000000000, 0.0000000000000000000 ) ) ;
#2303 = FILL_AREA_STYLE ('',( #2739 ) ) ;
#2304 =( CONVERSION_BASED_UNIT ( 'INCH', #883 ) LENGTH_UNIT ( ) NAMED_UNIT ( #2751 ) );
#2305 = ORIENTED_EDGE ( 'NONE', *, *, #9, .T. ) ;
#2306 = EDGE_CURVE ( 'NONE', #2625, #488, #1454, .T. ) ;
#2307 = ORIENTED_EDGE ( 'NONE', *, *, #555, .T. ) ;
#2308 = CARTESIAN_POINT ( 'NONE',  ( -0.5393700787401576324, -0.3937007874015748810, -0.02589865316166878317 ) ) ;
#2309 =( LENGTH_UNIT ( ) NAMED_UNIT ( * ) SI_UNIT ( $, .METRE. ) );
#2310 = SURFACE_STYLE_USAGE ( .BOTH. , #1811 ) ;
#2311 = FACE_OUTER_BOUND ( 'NONE', #1891, .T. ) ;
#2312 = EDGE_CURVE ( 'NONE', #1780, #2025, #1708, .T. ) ;
#2313 = DIRECTION ( 'NONE',  ( 3.469446951953614189E-16, 0.0000000000000000000, -1.000000000000000000 ) ) ;
#2314 = CARTESIAN_POINT ( 'NONE',  ( -0.2755905511811023723, 0.0000000000000000000, 0.0000000000000000000 ) ) ;
#2315 = CARTESIAN_POINT ( 'NONE',  ( -0.5314960629921260393, 7.231927286352672072E-19, 0.1614173228346456601 ) ) ;
#2316 = EDGE_LOOP ( 'NONE', ( #1128, #2118, #195, #1214, #2018, #1270 ) ) ;
#2317 = DIMENSIONAL_EXPONENTS ( 1.000000000000000000, 0.0000000000000000000, 0.0000000000000000000, 0.0000000000000000000, 0.0000000000000000000, 0.0000000000000000000, 0.0000000000000000000 ) ;
#2318 =( LENGTH_UNIT ( ) NAMED_UNIT ( * ) SI_UNIT ( $, .METRE. ) );
#2319 = ORIENTED_EDGE ( 'NONE', *, *, #2576, .T. ) ;
#2320 = FILL_AREA_STYLE_COLOUR ( '', #127 ) ;
#2321 = FILL_AREA_STYLE_COLOUR ( '', #1663 ) ;
#2322 = DIRECTION ( 'NONE',  ( 0.0000000000000000000, 1.000000000000000000, 1.927470528863119049E-16 ) ) ;
#2323 = AXIS2_PLACEMENT_3D ( 'NONE', #1373, #703, #1611 ) ;
#2324 = AXIS2_PLACEMENT_3D ( 'NONE', #2610, #2404, #605 ) ;
#2325 = FACE_OUTER_BOUND ( 'NONE', #1984, .T. ) ;
#2326 =( BOUNDED_CURVE ( )  B_SPLINE_CURVE ( 3, ( #1025, #779, #80, #2602 ),
 .UNSPECIFIED., .F., .T. ) 
 B_SPLINE_CURVE_WITH_KNOTS ( ( 4, 4 ),
 ( 4.712388980384689674, 4.862981928580465407 ),
 .UNSPECIFIED. ) 
 CURVE ( )  GEOMETRIC_REPRESENTATION_ITEM ( )  RATIONAL_B_SPLINE_CURVE ( ( 1.000000000000000000, 0.9981110397135106727, 0.9981110397135106727, 1.000000000000000000 ) ) 
 REPRESENTATION_ITEM ( '' )  );
#2327 =( GEOMETRIC_REPRESENTATION_CONTEXT ( 3 ) GLOBAL_UNCERTAINTY_ASSIGNED_CONTEXT ( ( #2848 ) ) GLOBAL_UNIT_ASSIGNED_CONTEXT ( ( #2104, #36, #2170 ) ) REPRESENTATION_CONTEXT ( 'NONE', 'WORKASPACE' ) );
#2328 = STYLED_ITEM ( 'NONE', ( #377 ), #615 ) ;
#2329 = ADVANCED_FACE ( 'NONE', ( #2547 ), #1033, .T. ) ;
#2330 = SURFACE_SIDE_STYLE ('',( #886 ) ) ;
#2331 = CARTESIAN_POINT ( 'NONE',  ( -0.3934990221278217293, -0.1574803149606298913, -0.05905511811023624047 ) ) ;
#2332 = VECTOR ( 'NONE', #599, 39.37007874015748143 ) ;
#2333 = SURFACE_STYLE_FILL_AREA ( #2786 ) ;
#2334 = EDGE_LOOP ( 'NONE', ( #2815, #366, #1937 ) ) ;
#2335 = VECTOR ( 'NONE', #296, 39.37007874015748143 ) ;
#2336 = AXIS2_PLACEMENT_3D ( 'NONE', #361, #626, #2436 ) ;
#2337 = FACE_OUTER_BOUND ( 'NONE', #265, .T. ) ;
#2338 = SURFACE_SIDE_STYLE ('',( #1431 ) ) ;
#2339 = AXIS2_PLACEMENT_3D ( 'NONE', #784, #1639, #2790 ) ;
#2340 =( NAMED_UNIT ( * ) PLANE_ANGLE_UNIT ( ) SI_UNIT ( $, .RADIAN. ) );
#2341 = CARTESIAN_POINT ( 'NONE',  ( -0.5669291338582678197, -0.1574803149606298913, -0.05905511811023624047 ) ) ;
#2342 = CARTESIAN_POINT ( 'NONE',  ( -0.3720472440944881942, -0.3937007874015748254, -0.1929133858267720325 ) ) ;
#2343 = PRESENTATION_LAYER_ASSIGNMENT (  '', '', ( #2437 ) ) ;
#2344 = ORIENTED_EDGE ( 'NONE', *, *, #1833, .T. ) ;
#2345 = CARTESIAN_POINT ( 'NONE',  ( -0.3223425196850394081, -0.3444881889763780070, -0.04921259842519682542 ) ) ;
#2346 = DIRECTION ( 'NONE',  ( 1.000000000000000000, 0.0000000000000000000, 0.0000000000000000000 ) ) ;
#2347 = SURFACE_STYLE_USAGE ( .BOTH. , #1426 ) ;
#2348 = CARTESIAN_POINT ( 'NONE',  ( -0.2755905511811023723, 0.0000000000000000000, 0.0000000000000000000 ) ) ;
#2349 = ORIENTED_EDGE ( 'NONE', *, *, #644, .T. ) ;
#2350 =( CONVERSION_BASED_UNIT ( 'INCH', #1260 ) LENGTH_UNIT ( ) NAMED_UNIT ( #2482 ) );
#2351 = ORIENTED_EDGE ( 'NONE', *, *, #887, .T. ) ;
#2352 = ADVANCED_FACE ( 'NONE', ( #356 ), #1075, .F. ) ;
#2353 =( NAMED_UNIT ( * ) SI_UNIT ( $, .STERADIAN. ) SOLID_ANGLE_UNIT ( ) );
#2354 = CARTESIAN_POINT ( 'NONE',  ( -0.3917322834645669549, -0.3444881889763780070, 0.003937007874015393226 ) ) ;
#2355 =( CONVERSION_BASED_UNIT ( 'INCH', #2391 ) LENGTH_UNIT ( ) NAMED_UNIT ( #493 ) );
#2356 = ORIENTED_EDGE ( 'NONE', *, *, #1043, .F. ) ;
#2357 = FACE_OUTER_BOUND ( 'NONE', #2512, .T. ) ;
#2358 = CARTESIAN_POINT ( 'NONE',  ( -0.5472440944881890035, -0.3228346456692913202, -0.05905511811023622659 ) ) ;
#2359 = CARTESIAN_POINT ( 'NONE',  ( -0.2755905511811023723, 0.0000000000000000000, -0.04921259842519685318 ) ) ;
#2360 = CARTESIAN_POINT ( 'NONE',  ( -0.5472440944881890035, -0.2559055118110236671, -0.05905511811023622659 ) ) ;
#2361 = SURFACE_STYLE_USAGE ( .BOTH. , #2585 ) ;
#2362 = DIRECTION ( 'NONE',  ( 0.0000000000000000000, 0.0000000000000000000, -1.000000000000000000 ) ) ;
#2363 = VERTEX_POINT ( 'NONE', #1502 ) ;
#2364 = DIRECTION ( 'NONE',  ( 1.000000000000000000, 0.0000000000000000000, 0.0000000000000000000 ) ) ;
#2365 = DIRECTION ( 'NONE',  ( 0.0000000000000000000, 0.0000000000000000000, 1.000000000000000000 ) ) ;
#2366 = ORIENTED_EDGE ( 'NONE', *, *, #761, .T. ) ;
#2367 =( CONVERSION_BASED_UNIT ( 'INCH', #1263 ) LENGTH_UNIT ( ) NAMED_UNIT ( #8 ) );
#2368 = EDGE_CURVE ( 'NONE', #2392, #2438, #1525, .T. ) ;
#2369 =( NAMED_UNIT ( * ) PLANE_ANGLE_UNIT ( ) SI_UNIT ( $, .RADIAN. ) );
#2370 = ORIENTED_EDGE ( 'NONE', *, *, #444, .T. ) ;
#2371 = LINE ( 'NONE', #1710, #2569 ) ;
#2372 = ORIENTED_EDGE ( 'NONE', *, *, #2188, .T. ) ;
#2373 = LINE ( 'NONE', #40, #2470 ) ;
#2374 = MECHANICAL_DESIGN_GEOMETRIC_PRESENTATION_REPRESENTATION (  '', ( #1284 ), #126 ) ;
#2375 = LINE ( 'NONE', #312, #2332 ) ;
#2376 = FACE_OUTER_BOUND ( 'NONE', #2316, .T. ) ;
#2377 = DIRECTION ( 'NONE',  ( -0.0000000000000000000, -1.000000000000000000, -0.0000000000000000000 ) ) ;
#2378 = MECHANICAL_DESIGN_GEOMETRIC_PRESENTATION_REPRESENTATION (  '', ( #423 ), #2327 ) ;
#2379 =( GEOMETRIC_REPRESENTATION_CONTEXT ( 3 ) GLOBAL_UNCERTAINTY_ASSIGNED_CONTEXT ( ( #1688 ) ) GLOBAL_UNIT_ASSIGNED_CONTEXT ( ( #2367, #2340, #2353 ) ) REPRESENTATION_CONTEXT ( 'NONE', 'WORKASPACE' ) );
#2380 = VERTEX_POINT ( 'NONE', #1983 ) ;
#2381 = VECTOR ( 'NONE', #1731, 39.37007874015748143 ) ;
#2382 =( NAMED_UNIT ( * ) SI_UNIT ( $, .STERADIAN. ) SOLID_ANGLE_UNIT ( ) );
#2383 = DIRECTION ( 'NONE',  ( -0.0000000000000000000, -0.0000000000000000000, -1.000000000000000000 ) ) ;
#2384 = VERTEX_POINT ( 'NONE', #1737 ) ;
#2385 = VECTOR ( 'NONE', #1441, 39.37007874015748143 ) ;
#2386 = VECTOR ( 'NONE', #255, 39.37007874015748143 ) ;
#2387 = LINE ( 'NONE', #1671, #2689 ) ;
#2388 = CARTESIAN_POINT ( 'NONE',  ( 0.0000000000000000000, -0.2559055118110236671, 0.1771653543307089296 ) ) ;
#2389 = STYLED_ITEM ( 'NONE', ( #408 ), #1123 ) ;
#2390 = DIRECTION ( 'NONE',  ( -0.0000000000000000000, -0.0000000000000000000, -1.000000000000000000 ) ) ;
#2391 = LENGTH_MEASURE_WITH_UNIT ( LENGTH_MEASURE( 0.02539999999999999897 ), #573 );
#2392 = VERTEX_POINT ( 'NONE', #390 ) ;
#2393 = FILL_AREA_STYLE ('',( #2155 ) ) ;
#2394 = COLOUR_RGB ( '',0.2509803921568627416, 0.2509803921568627416, 0.2509803921568627416 ) ;
#2395 = VERTEX_POINT ( 'NONE', #1544 ) ;
#2396 = SURFACE_STYLE_FILL_AREA ( #792 ) ;
#2397 = CARTESIAN_POINT ( 'NONE',  ( -0.5669291338582678197, -0.2559055118110236671, 0.1771653543307089296 ) ) ;
#2398 = STYLED_ITEM ( 'NONE', ( #956 ), #2765 ) ;
#2399 = CARTESIAN_POINT ( 'NONE',  ( -0.5669291338582678197, 1.976792077363837694E-17, 0.1614173228346456601 ) ) ;
#2400 = CARTESIAN_POINT ( 'NONE',  ( -0.03937007874015747977, 0.1102362204724409572, -0.1181102362204721895 ) ) ;
#2401 = EDGE_LOOP ( 'NONE', ( #1102, #2113, #1746, #1701, #1419, #1468, #2413, #2791 ) ) ;
#2402 =( NAMED_UNIT ( * ) SI_UNIT ( $, .STERADIAN. ) SOLID_ANGLE_UNIT ( ) );
#2403 = ORIENTED_EDGE ( 'NONE', *, *, #1167, .T. ) ;
#2404 = DIRECTION ( 'NONE',  ( -1.000000000000000000, 0.0000000000000000000, 0.0000000000000000000 ) ) ;
#2405 = ORIENTED_EDGE ( 'NONE', *, *, #1266, .T. ) ;
#2406 = CARTESIAN_POINT ( 'NONE',  ( 0.0000000000000000000, 0.1771653543307086798, -0.1771653543307086243 ) ) ;
#2407 = CARTESIAN_POINT ( 'NONE',  ( -0.5324803149606298636, -0.3346456692913385988, 0.05905511811023622659 ) ) ;
#2408 = EDGE_CURVE ( 'NONE', #289, #1475, #1956, .T. ) ;
#2409 = ORIENTED_EDGE ( 'NONE', *, *, #1006, .F. ) ;
#2410 = ORIENTED_EDGE ( 'NONE', *, *, #2156, .F. ) ;
#2411 =( NAMED_UNIT ( * ) SI_UNIT ( $, .STERADIAN. ) SOLID_ANGLE_UNIT ( ) );
#2412 =( NAMED_UNIT ( * ) SI_UNIT ( $, .STERADIAN. ) SOLID_ANGLE_UNIT ( ) );
#2413 = ORIENTED_EDGE ( 'NONE', *, *, #2294, .F. ) ;
#2414 = DIRECTION ( 'NONE',  ( -0.7808688094430301652, 0.6246950475544245096, 0.0000000000000000000 ) ) ;
#2415 = DIRECTION ( 'NONE',  ( 0.0000000000000000000, 0.0000000000000000000, 1.000000000000000000 ) ) ;
#2416 = DIRECTION ( 'NONE',  ( -0.0000000000000000000, -0.0000000000000000000, -1.000000000000000000 ) ) ;
#2417 = EDGE_LOOP ( 'NONE', ( #1713, #1882, #153, #1750 ) ) ;
#2418 = ADVANCED_FACE ( 'NONE', ( #847 ), #606, .T. ) ;
#2419 = STYLED_ITEM ( 'NONE', ( #2027 ), #419 ) ;
#2420 = ORIENTED_EDGE ( 'NONE', *, *, #1924, .T. ) ;
#2421 =( BOUNDED_CURVE ( )  B_SPLINE_CURVE ( 3, ( #1227, #2796, #111, #755 ),
 .UNSPECIFIED., .F., .T. ) 
 B_SPLINE_CURVE_WITH_KNOTS ( ( 4, 4 ),
 ( 1.721389274990672069, 4.561796032188913941 ),
 .UNSPECIFIED. ) 
 CURVE ( )  GEOMETRIC_REPRESENTATION_ITEM ( )  RATIONAL_B_SPLINE_CURVE ( ( 1.000000000000000000, 0.4333495974637651127, 0.4333495974637651127, 1.000000000000000000 ) ) 
 REPRESENTATION_ITEM ( '' )  );
#2422 = MECHANICAL_DESIGN_GEOMETRIC_PRESENTATION_REPRESENTATION (  '', ( #525 ), #667 ) ;
#2423 = VECTOR ( 'NONE', #79, 39.37007874015748143 ) ;
#2424 = LENGTH_MEASURE_WITH_UNIT ( LENGTH_MEASURE( 0.02539999999999999897 ), #2202 );
#2425 = CARTESIAN_POINT ( 'NONE',  ( -0.03937007874015747977, 0.1102362204724409572, -0.1771653543307084022 ) ) ;
#2426 = STYLED_ITEM ( 'NONE', ( #831 ), #1694 ) ;
#2427 = COLOUR_RGB ( '',0.7450980392156862919, 0.7450980392156862919, 0.7450980392156862919 ) ;
#2428 = ORIENTED_EDGE ( 'NONE', *, *, #1301, .T. ) ;
#2429 = AXIS2_PLACEMENT_3D ( 'NONE', #257, #951, #1124 ) ;
#2430 = SURFACE_STYLE_USAGE ( .BOTH. , #2207 ) ;
#2431 = CARTESIAN_POINT ( 'NONE',  ( -0.2755905511811023723, 0.0000000000000000000, -0.1279527559055118335 ) ) ;
#2432 =( LENGTH_UNIT ( ) NAMED_UNIT ( * ) SI_UNIT ( $, .METRE. ) );
#2433 = FACE_OUTER_BOUND ( 'NONE', #700, .T. ) ;
#2434 = AXIS2_PLACEMENT_3D ( 'NONE', #2479, #916, #1609 ) ;
#2435 = AXIS2_PLACEMENT_3D ( 'NONE', #1563, #928, #2924 ) ;
#2436 = DIRECTION ( 'NONE',  ( 0.0000000000000000000, 0.0000000000000000000, -1.000000000000000000 ) ) ;
#2437 = STYLED_ITEM ( 'NONE', ( #2272 ), #2908 ) ;
#2438 = VERTEX_POINT ( 'NONE', #1391 ) ;
#2439 = CARTESIAN_POINT ( 'NONE',  ( -0.4857391518583076828, -0.3518712793403370176, 0.05905511811023622659 ) ) ;
#2440 = SURFACE_STYLE_USAGE ( .BOTH. , #637 ) ;
#2441 = EDGE_LOOP ( 'NONE', ( #1313, #404, #753, #2217 ) ) ;
#2442 = EDGE_CURVE ( 'NONE', #354, #904, #2677, .T. ) ;
#2443 = LINE ( 'NONE', #1330, #1091 ) ;
#2444 = LINE ( 'NONE', #1309, #1347 ) ;
#2445 = FILL_AREA_STYLE_COLOUR ( '', #1536 ) ;
#2446 = CARTESIAN_POINT ( 'NONE',  ( -0.5063681158248335423, -0.3776574842984943281, 0.04862358471571089774 ) ) ;
#2447 = SURFACE_STYLE_USAGE ( .BOTH. , #422 ) ;
#2448 = ORIENTED_EDGE ( 'NONE', *, *, #2306, .F. ) ;
#2449 = UNCERTAINTY_MEASURE_WITH_UNIT (LENGTH_MEASURE( 1.000000000000000082E-05 ), #651, 'distance_accuracy_value', 'NONE');
#2450 = EDGE_CURVE ( 'NONE', #2438, #775, #489, .T. ) ;
#2451 = SURFACE_STYLE_FILL_AREA ( #1939 ) ;
#2452 = SURFACE_STYLE_FILL_AREA ( #2216 ) ;
#2453 = ORIENTED_EDGE ( 'NONE', *, *, #444, .F. ) ;
#2454 = EDGE_CURVE ( 'NONE', #1163, #1317, #2268, .T. ) ;
#2455 = LINE ( 'NONE', #144, #815 ) ;
#2456 = SURFACE_STYLE_USAGE ( .BOTH. , #840 ) ;
#2457 = CARTESIAN_POINT ( 'NONE',  ( -0.5472440944881890035, -0.3228346456692913202, 0.05905511811023622659 ) ) ;
#2458 = AXIS2_PLACEMENT_3D ( 'NONE', #2885, #2640, #868 ) ;
#2459 = ORIENTED_EDGE ( 'NONE', *, *, #698, .T. ) ;
#2460 = DIMENSIONAL_EXPONENTS ( 1.000000000000000000, 0.0000000000000000000, 0.0000000000000000000, 0.0000000000000000000, 0.0000000000000000000, 0.0000000000000000000, 0.0000000000000000000 ) ;
#2461 = DIRECTION ( 'NONE',  ( 1.000000000000000000, 0.0000000000000000000, 0.0000000000000000000 ) ) ;
#2462 = LINE ( 'NONE', #2028, #188 ) ;
#2463 = VERTEX_POINT ( 'NONE', #204 ) ;
#2464 = AXIS2_PLACEMENT_3D ( 'NONE', #824, #2820, #650 ) ;
#2465 = AXIS2_PLACEMENT_3D ( 'NONE', #226, #1152, #920 ) ;
#2466 = VECTOR ( 'NONE', #2180, 39.37007874015748143 ) ;
#2467 = SURFACE_STYLE_FILL_AREA ( #2747 ) ;
#2468 = VECTOR ( 'NONE', #2302, 39.37007874015748143 ) ;
#2469 = VECTOR ( 'NONE', #483, 39.37007874015748143 ) ;
#2470 = VECTOR ( 'NONE', #74, 39.37007874015748143 ) ;
#2471 = PRESENTATION_STYLE_ASSIGNMENT (( #2699 ) ) ;
#2472 =( GEOMETRIC_REPRESENTATION_CONTEXT ( 3 ) GLOBAL_UNCERTAINTY_ASSIGNED_CONTEXT ( ( #648 ) ) GLOBAL_UNIT_ASSIGNED_CONTEXT ( ( #1087, #2238, #2412 ) ) REPRESENTATION_CONTEXT ( 'NONE', 'WORKASPACE' ) );
#2473 =( GEOMETRIC_REPRESENTATION_CONTEXT ( 3 ) GLOBAL_UNCERTAINTY_ASSIGNED_CONTEXT ( ( #1802 ) ) GLOBAL_UNIT_ASSIGNED_CONTEXT ( ( #2350, #301, #2112 ) ) REPRESENTATION_CONTEXT ( 'NONE', 'WORKASPACE' ) );
#2474 = PRESENTATION_LAYER_ASSIGNMENT (  '', '', ( #2568 ) ) ;
#2475 = ORIENTED_EDGE ( 'NONE', *, *, #1314, .F. ) ;
#2476 = UNCERTAINTY_MEASURE_WITH_UNIT (LENGTH_MEASURE( 1.000000000000000082E-05 ), #2846, 'distance_accuracy_value', 'NONE');
#2477 = AXIS2_PLACEMENT_3D ( 'NONE', #1959, #608, #2865 ) ;
#2478 = EDGE_CURVE ( 'NONE', #758, #987, #1791, .T. ) ;
#2479 = CARTESIAN_POINT ( 'NONE',  ( -0.5669291338582678197, 0.0000000000000000000, 0.0000000000000000000 ) ) ;
#2480 = ORIENTED_EDGE ( 'NONE', *, *, #1924, .F. ) ;
#2481 = LINE ( 'NONE', #1586, #271 ) ;
#2482 = DIMENSIONAL_EXPONENTS ( 1.000000000000000000, 0.0000000000000000000, 0.0000000000000000000, 0.0000000000000000000, 0.0000000000000000000, 0.0000000000000000000, 0.0000000000000000000 ) ;
#2483 = CARTESIAN_POINT ( 'NONE',  ( -0.4857391518583076828, -0.3518712793403370176, -0.05648703686204290669 ) ) ;
#2484 =( NAMED_UNIT ( * ) SI_UNIT ( $, .STERADIAN. ) SOLID_ANGLE_UNIT ( ) );
#2485 = FILL_AREA_STYLE ('',( #2738 ) ) ;
#2486 = EDGE_CURVE ( 'NONE', #975, #1647, #184, .T. ) ;
#2487 = DIRECTION ( 'NONE',  ( -1.000000000000000000, -0.0000000000000000000, -0.0000000000000000000 ) ) ;
#2488 = ORIENTED_EDGE ( 'NONE', *, *, #2162, .T. ) ;
#2489 = ORIENTED_EDGE ( 'NONE', *, *, #1064, .F. ) ;
#2490 = DIRECTION ( 'NONE',  ( 0.0000000000000000000, 0.0000000000000000000, -1.000000000000000000 ) ) ;
#2491 = SURFACE_STYLE_FILL_AREA ( #1165 ) ;
#2492 = SURFACE_STYLE_USAGE ( .BOTH. , #727 ) ;
#2493 = DIMENSIONAL_EXPONENTS ( 1.000000000000000000, 0.0000000000000000000, 0.0000000000000000000, 0.0000000000000000000, 0.0000000000000000000, 0.0000000000000000000, 0.0000000000000000000 ) ;
#2494 = FACE_OUTER_BOUND ( 'NONE', #2334, .T. ) ;
#2495 = EDGE_LOOP ( 'NONE', ( #456, #205, #1792, #2921, #2081 ) ) ;
#2496 = DIRECTION ( 'NONE',  ( 0.0000000000000000000, 0.0000000000000000000, 1.000000000000000000 ) ) ;
#2497 = EDGE_LOOP ( 'NONE', ( #326, #1066, #638, #538 ) ) ;
#2498 = FILL_AREA_STYLE ('',( #1176 ) ) ;
#2499 = LINE ( 'NONE', #3, #1571 ) ;
#2500 = MECHANICAL_DESIGN_GEOMETRIC_PRESENTATION_REPRESENTATION (  '', ( #2932 ), #76 ) ;
#2501 = AXIS2_PLACEMENT_3D ( 'NONE', #1086, #2183, #1499 ) ;
#2502 = SURFACE_STYLE_FILL_AREA ( #1840 ) ;
#2503 = MECHANICAL_DESIGN_GEOMETRIC_PRESENTATION_REPRESENTATION (  '', ( #221 ), #1433 ) ;
#2504 =( LENGTH_UNIT ( ) NAMED_UNIT ( * ) SI_UNIT ( $, .METRE. ) );
#2505 = CARTESIAN_POINT ( 'NONE',  ( -0.4212598425196851237, -0.3444881889763780070, 0.003937007874015382818 ) ) ;
#2506 = ADVANCED_FACE ( 'NONE', ( #2940, #1626 ), #658, .F. ) ;
#2507 = VECTOR ( 'NONE', #1382, 39.37007874015748854 ) ;
#2508 = CIRCLE ( 'NONE', #2285, 0.02952755905511813758 ) ;
#2509 = STYLED_ITEM ( 'NONE', ( #2854 ), #2004 ) ;
#2510 = CARTESIAN_POINT ( 'NONE',  ( -0.5078740157480314821, -0.3543307086614174151, 0.05905511811023622659 ) ) ;
#2511 = DIRECTION ( 'NONE',  ( 0.0000000000000000000, 0.0000000000000000000, -1.000000000000000000 ) ) ;
#2512 = EDGE_LOOP ( 'NONE', ( #250, #344, #2041, #1725, #1992, #2830, #1287, #1549 ) ) ;
#2513 = VECTOR ( 'NONE', #51, 39.37007874015748143 ) ;
#2514 = DIMENSIONAL_EXPONENTS ( 1.000000000000000000, 0.0000000000000000000, 0.0000000000000000000, 0.0000000000000000000, 0.0000000000000000000, 0.0000000000000000000, 0.0000000000000000000 ) ;
#2515 = VECTOR ( 'NONE', #568, 39.37007874015748143 ) ;
#2516 = EDGE_CURVE ( 'NONE', #1264, #2822, #2709, .T. ) ;
#2517 = CARTESIAN_POINT ( 'NONE',  ( -0.5669291338582678197, 0.1771653543307086243, 0.1771653543307087075 ) ) ;
#2518 = ORIENTED_EDGE ( 'NONE', *, *, #1603, .F. ) ;
#2519 = CARTESIAN_POINT ( 'NONE',  ( -0.03937007874015747977, 0.1102362204724409572, -0.1771653543307084022 ) ) ;
#2520 = LINE ( 'NONE', #1808, #1814 ) ;
#2521 = EDGE_CURVE ( 'NONE', #2781, #2883, #2462, .T. ) ;
#2522 = CARTESIAN_POINT ( 'NONE',  ( -0.5072711644195556646, -0.3346456692913385988, 0.05905511811023622659 ) ) ;
#2523 = CARTESIAN_POINT ( 'NONE',  ( -0.03937007874015747977, 0.0000000000000000000, 0.0000000000000000000 ) ) ;
#2524 =( NAMED_UNIT ( * ) PLANE_ANGLE_UNIT ( ) SI_UNIT ( $, .RADIAN. ) );
#2525 = CARTESIAN_POINT ( 'NONE',  ( -0.3233169267320724072, -0.3937007874015744924, 0.05905511811023622659 ) ) ;
#2526 = SURFACE_STYLE_FILL_AREA ( #1116 ) ;
#2527 =( NAMED_UNIT ( * ) PLANE_ANGLE_UNIT ( ) SI_UNIT ( $, .RADIAN. ) );
#2528 = DIRECTION ( 'NONE',  ( 0.0000000000000000000, 0.0000000000000000000, -1.000000000000000000 ) ) ;
#2529 = VERTEX_POINT ( 'NONE', #1804 ) ;
#2530 = CARTESIAN_POINT ( 'NONE',  ( -0.5078740157480314821, -0.3543307086614174151, -0.05567769930602733258 ) ) ;
#2531 = ORIENTED_EDGE ( 'NONE', *, *, #1623, .F. ) ;
#2532 = PRESENTATION_STYLE_ASSIGNMENT (( #110 ) ) ;
#2533 = DIMENSIONAL_EXPONENTS ( 1.000000000000000000, 0.0000000000000000000, 0.0000000000000000000, 0.0000000000000000000, 0.0000000000000000000, 0.0000000000000000000, 0.0000000000000000000 ) ;
#2534 = CARTESIAN_POINT ( 'NONE',  ( -0.5192027583072978958, -0.3937007874015748254, 0.0000000000000000000 ) ) ;
#2535 =( CONVERSION_BASED_UNIT ( 'INCH', #1830 ) LENGTH_UNIT ( ) NAMED_UNIT ( #2773 ) );
#2536 = EDGE_CURVE ( 'NONE', #1228, #2741, #910, .T. ) ;
#2537 = CARTESIAN_POINT ( 'NONE',  ( -0.03937007874015747977, 0.1102362204724409572, -0.1181102362204721895 ) ) ;
#2538 = DIRECTION ( 'NONE',  ( -0.0000000000000000000, -0.0000000000000000000, -1.000000000000000000 ) ) ;
#2539 = LINE ( 'NONE', #710, #2468 ) ;
#2540 = LENGTH_MEASURE_WITH_UNIT ( LENGTH_MEASURE( 0.02539999999999999897 ), #2909 );
#2541 = DIRECTION ( 'NONE',  ( 0.0000000000000000000, 1.000000000000000000, 1.927470528863119049E-16 ) ) ;
#2542 = DIRECTION ( 'NONE',  ( 1.000000000000000000, 0.0000000000000000000, 0.0000000000000000000 ) ) ;
#2543 = ORIENTED_EDGE ( 'NONE', *, *, #2536, .F. ) ;
#2544 = CARTESIAN_POINT ( 'NONE',  ( -0.03937007874015747977, 0.1692913385826771977, -0.1181102362204721895 ) ) ;
#2545 = ORIENTED_EDGE ( 'NONE', *, *, #1161, .F. ) ;
#2546 =( CONVERSION_BASED_UNIT ( 'INCH', #1690 ) LENGTH_UNIT ( ) NAMED_UNIT ( #2055 ) );
#2547 = FACE_OUTER_BOUND ( 'NONE', #2705, .T. ) ;
#2548 = MECHANICAL_DESIGN_GEOMETRIC_PRESENTATION_REPRESENTATION (  '', ( #2087 ), #2379 ) ;
#2549 = CARTESIAN_POINT ( 'NONE',  ( -0.3110236220472440416, -0.3152657504332821436, 0.04921259842519684624 ) ) ;
#2550 = STYLED_ITEM ( 'NONE', ( #342 ), #1451 ) ;
#2551 = MECHANICAL_DESIGN_GEOMETRIC_PRESENTATION_REPRESENTATION (  '', ( #2201 ), #1530 ) ;
#2552 = CARTESIAN_POINT ( 'NONE',  ( -0.3720472440944881942, -0.3937007874015748254, -0.1929133858267720325 ) ) ;
#2553 = STYLED_ITEM ( 'NONE', ( #145 ), #1681 ) ;
#2554 =( GEOMETRIC_REPRESENTATION_CONTEXT ( 3 ) GLOBAL_UNCERTAINTY_ASSIGNED_CONTEXT ( ( #1776 ) ) GLOBAL_UNIT_ASSIGNED_CONTEXT ( ( #2171, #1212, #1453 ) ) REPRESENTATION_CONTEXT ( 'NONE', 'WORKASPACE' ) );
#2555 = EDGE_CURVE ( 'NONE', #1801, #2688, #2757, .T. ) ;
#2556 = SURFACE_SIDE_STYLE ('',( #1172 ) ) ;
#2557 = VERTEX_POINT ( 'NONE', #2128 ) ;
#2558 = VECTOR ( 'NONE', #741, 39.37007874015748143 ) ;
#2559 = VECTOR ( 'NONE', #1904, 39.37007874015748143 ) ;
#2560 = LINE ( 'NONE', #2544, #2515 ) ;
#2561 = COLOUR_RGB ( '',0.2509803921568627416, 0.2509803921568627416, 0.2509803921568627416 ) ;
#2562 = ORIENTED_EDGE ( 'NONE', *, *, #1659, .T. ) ;
#2563 = UNCERTAINTY_MEASURE_WITH_UNIT (LENGTH_MEASURE( 1.000000000000000082E-05 ), #39, 'distance_accuracy_value', 'NONE');
#2564 = VECTOR ( 'NONE', #2589, 39.37007874015748143 ) ;
#2565 = CARTESIAN_POINT ( 'NONE',  ( -0.2125984251968503769, -0.3444881889763780070, 0.04921259842519682542 ) ) ;
#2566 = SURFACE_STYLE_USAGE ( .BOTH. , #571 ) ;
#2567 = VERTEX_POINT ( 'NONE', #33 ) ;
#2568 = STYLED_ITEM ( 'NONE', ( #2673 ), #2719 ) ;
#2569 = VECTOR ( 'NONE', #774, 39.37007874015748143 ) ;
#2570 = EDGE_LOOP ( 'NONE', ( #1503, #2344, #320, #2745 ) ) ;
#2571 = LINE ( 'NONE', #2120, #2647 ) ;
#2572 = EDGE_CURVE ( 'NONE', #54, #1317, #63, .T. ) ;
#2573 = LINE ( 'NONE', #2360, #1864 ) ;
#2574 = SURFACE_STYLE_USAGE ( .BOTH. , #130 ) ;
#2575 = VERTEX_POINT ( 'NONE', #1478 ) ;
#2576 = EDGE_CURVE ( 'NONE', #2688, #1662, #1666, .T. ) ;
#2577 = CARTESIAN_POINT ( 'NONE',  ( -0.5669291338582678197, -0.2559055118110236671, -0.1771653543307087630 ) ) ;
#2578 = ORIENTED_EDGE ( 'NONE', *, *, #2312, .F. ) ;
#2579 = SURFACE_SIDE_STYLE ('',( #2467 ) ) ;
#2580 = PLANE ( 'NONE',  #2464 ) ;
#2581 = CARTESIAN_POINT ( 'NONE',  ( -0.4212598425196850127, -0.3444881889763780070, -0.1929133858267720603 ) ) ;
#2582 =( NAMED_UNIT ( * ) SI_UNIT ( $, .STERADIAN. ) SOLID_ANGLE_UNIT ( ) );
#2583 = ORIENTED_EDGE ( 'NONE', *, *, #826, .F. ) ;
#2584 = CARTESIAN_POINT ( 'NONE',  ( -0.03937007874015747977, 0.1771653543307087075, -0.1771653543307084022 ) ) ;
#2585 = SURFACE_SIDE_STYLE ('',( #104 ) ) ;
#2586 = FILL_AREA_STYLE ('',( #566 ) ) ;
#2587 = DIRECTION ( 'NONE',  ( 0.0000000000000000000, 1.000000000000000000, 0.0000000000000000000 ) ) ;
#2588 = ORIENTED_EDGE ( 'NONE', *, *, #2408, .F. ) ;
#2589 = DIRECTION ( 'NONE',  ( 0.0000000000000000000, -1.000000000000000000, 0.0000000000000000000 ) ) ;
#2590 = ORIENTED_EDGE ( 'NONE', *, *, #875, .F. ) ;
#2591 = UNCERTAINTY_MEASURE_WITH_UNIT (LENGTH_MEASURE( 1.000000000000000082E-05 ), #1140, 'distance_accuracy_value', 'NONE');
#2592 = EDGE_CURVE ( 'NONE', #1965, #1780, #2560, .T. ) ;
#2593 = DIRECTION ( 'NONE',  ( -1.000000000000000000, -0.0000000000000000000, -0.0000000000000000000 ) ) ;
#2594 = PRESENTATION_STYLE_ASSIGNMENT (( #1197 ) ) ;
#2595 = CARTESIAN_POINT ( 'NONE',  ( -0.3720472440944881942, -0.3444881889763780070, -0.1771653543307083745 ) ) ;
#2596 = ORIENTED_EDGE ( 'NONE', *, *, #1570, .T. ) ;
#2597 = EDGE_LOOP ( 'NONE', ( #2480, #1687, #1034, #1306 ) ) ;
#2598 = DIRECTION ( 'NONE',  ( 0.0000000000000000000, 0.0000000000000000000, -1.000000000000000000 ) ) ;
#2599 = PRESENTATION_LAYER_ASSIGNMENT (  '', '', ( #580 ) ) ;
#2600 = FILL_AREA_STYLE_COLOUR ( '', #2695 ) ;
#2601 = EDGE_CURVE ( 'NONE', #2787, #2639, #46, .T. ) ;
#2602 = CARTESIAN_POINT ( 'NONE',  ( -0.3567805331810624536, -0.3518712793403370176, -0.04865562475641743712 ) ) ;
#2603 = ORIENTED_EDGE ( 'NONE', *, *, #1370, .F. ) ;
#2604 = MECHANICAL_DESIGN_GEOMETRIC_PRESENTATION_REPRESENTATION (  '', ( #1997 ), #274 ) ;
#2605 = VECTOR ( 'NONE', #1948, 39.37007874015748143 ) ;
#2606 = VERTEX_POINT ( 'NONE', #1648 ) ;
#2607 = MECHANICAL_DESIGN_GEOMETRIC_PRESENTATION_REPRESENTATION (  '', ( #2286 ), #2884 ) ;
#2608 = EDGE_CURVE ( 'NONE', #2941, #1861, #1207, .T. ) ;
#2609 = VECTOR ( 'NONE', #1241, 39.37007874015748143 ) ;
#2610 = CARTESIAN_POINT ( 'NONE',  ( -0.03937007874015747977, 0.0000000000000000000, 0.0000000000000000000 ) ) ;
#2611 = LINE ( 'NONE', #1719, #1572 ) ;
#2612 = CARTESIAN_POINT ( 'NONE',  ( -0.5669291338582678197, 0.1771653543307086243, 0.1771653543307087075 ) ) ;
#2613 = ORIENTED_EDGE ( 'NONE', *, *, #1398, .F. ) ;
#2614 = VECTOR ( 'NONE', #2775, 39.37007874015748854 ) ;
#2615 = EDGE_CURVE ( 'NONE', #2380, #2803, #1442, .T. ) ;
#2616 = VERTEX_POINT ( 'NONE', #1013 ) ;
#2617 = DIRECTION ( 'NONE',  ( 0.0000000000000000000, -3.444205370125730629E-17, -1.000000000000000000 ) ) ;
#2618 = STYLED_ITEM ( 'NONE', ( #2802 ), #2759 ) ;
#2619 =( GEOMETRIC_REPRESENTATION_CONTEXT ( 3 ) GLOBAL_UNCERTAINTY_ASSIGNED_CONTEXT ( ( #1862 ) ) GLOBAL_UNIT_ASSIGNED_CONTEXT ( ( #2780, #1930, #1245 ) ) REPRESENTATION_CONTEXT ( 'NONE', 'WORKASPACE' ) );
#2620 = ORIENTED_EDGE ( 'NONE', *, *, #698, .F. ) ;
#2621 =( LENGTH_UNIT ( ) NAMED_UNIT ( * ) SI_UNIT ( $, .METRE. ) );
#2622 = EDGE_LOOP ( 'NONE', ( #2583, #2704, #1510, #1622 ) ) ;
#2623 = UNCERTAINTY_MEASURE_WITH_UNIT (LENGTH_MEASURE( 1.000000000000000082E-05 ), #1786, 'distance_accuracy_value', 'NONE');
#2624 = LENGTH_MEASURE_WITH_UNIT ( LENGTH_MEASURE( 0.02539999999999999897 ), #1031 );
#2625 = VERTEX_POINT ( 'NONE', #2099 ) ;
#2626 = LENGTH_MEASURE_WITH_UNIT ( LENGTH_MEASURE( 0.02539999999999999897 ), #1318 );
#2627 =( NAMED_UNIT ( * ) PLANE_ANGLE_UNIT ( ) SI_UNIT ( $, .RADIAN. ) );
#2628 = LENGTH_MEASURE_WITH_UNIT ( LENGTH_MEASURE( 0.02539999999999999897 ), #1290 );
#2629 = SURFACE_STYLE_FILL_AREA ( #828 ) ;
#2630 = ADVANCED_FACE ( 'NONE', ( #319, #542 ), #974, .T. ) ;
#2631 = CARTESIAN_POINT ( 'NONE',  ( -0.5314960629921260393, 0.08267716535433072833, 0.05905511811023622659 ) ) ;
#2632 = CARTESIAN_POINT ( 'NONE',  ( -0.2755905511811023723, 0.0000000000000000000, -0.04921259842519685318 ) ) ;
#2633 =( LENGTH_UNIT ( ) NAMED_UNIT ( * ) SI_UNIT ( $, .METRE. ) );
#2634 = ORIENTED_EDGE ( 'NONE', *, *, #603, .T. ) ;
#2635 = PRESENTATION_STYLE_ASSIGNMENT (( #961 ) ) ;
#2636 = ORIENTED_EDGE ( 'NONE', *, *, #1591, .F. ) ;
#2637 = LENGTH_MEASURE_WITH_UNIT ( LENGTH_MEASURE( 0.02539999999999999897 ), #1971 );
#2638 = DIRECTION ( 'NONE',  ( 1.000000000000000000, 0.0000000000000000000, 1.084202172485506406E-15 ) ) ;
#2639 = VERTEX_POINT ( 'NONE', #2530 ) ;
#2640 = DIRECTION ( 'NONE',  ( -1.000000000000000000, 0.0000000000000000000, 0.0000000000000000000 ) ) ;
#2641 = LENGTH_MEASURE_WITH_UNIT ( LENGTH_MEASURE( 0.02539999999999999897 ), #1052 );
#2642 = CARTESIAN_POINT ( 'NONE',  ( -0.3346456692913385433, -0.3543307086614174151, -0.04821830202329085296 ) ) ;
#2643 = DIRECTION ( 'NONE',  ( 0.0000000000000000000, 0.0000000000000000000, -1.000000000000000000 ) ) ;
#2644 = CARTESIAN_POINT ( 'NONE',  ( -0.09842519685039370636, 0.1102362204724409017, 0.1181102362204721895 ) ) ;
#2645 = VECTOR ( 'NONE', #2694, 39.37007874015748143 ) ;
#2646 = ADVANCED_FACE ( 'NONE', ( #1893 ), #1686, .F. ) ;
#2647 = VECTOR ( 'NONE', #579, 39.37007874015748143 ) ;
#2648 =( NAMED_UNIT ( * ) SI_UNIT ( $, .STERADIAN. ) SOLID_ANGLE_UNIT ( ) );
#2649 = ORIENTED_EDGE ( 'NONE', *, *, #2478, .F. ) ;
#2650 = UNCERTAINTY_MEASURE_WITH_UNIT (LENGTH_MEASURE( 1.000000000000000082E-05 ), #2021, 'distance_accuracy_value', 'NONE');
#2651 = DIRECTION ( 'NONE',  ( 0.0000000000000000000, 0.0000000000000000000, -1.000000000000000000 ) ) ;
#2652 = SURFACE_STYLE_USAGE ( .BOTH. , #1543 ) ;
#2653 = FILL_AREA_STYLE ('',( #1761 ) ) ;
#2654 = AXIS2_PLACEMENT_3D ( 'NONE', #1799, #2685, #841 ) ;
#2655 = VERTEX_POINT ( 'NONE', #1299 ) ;
#2656 = STYLED_ITEM ( 'NONE', ( #461 ), #2045 ) ;
#2657 =( CONVERSION_BASED_UNIT ( 'INCH', #878 ) LENGTH_UNIT ( ) NAMED_UNIT ( #1371 ) );
#2658 = FILL_AREA_STYLE ('',( #125 ) ) ;
#2659 = CARTESIAN_POINT ( 'NONE',  ( -0.4927312043443801692, -0.3462776373514789285, -0.05819280691135698957 ) ) ;
#2660 = COLOUR_RGB ( '',0.7450980392156862919, 0.7450980392156862919, 0.7450980392156862919 ) ;
#2661 = SURFACE_STYLE_FILL_AREA ( #1769 ) ;
#2662 = SURFACE_STYLE_FILL_AREA ( #2870 ) ;
#2663 = DIRECTION ( 'NONE',  ( -1.000000000000000000, 0.0000000000000000000, 0.0000000000000000000 ) ) ;
#2664 = COLOUR_RGB ( '',0.7450980392156862919, 0.7450980392156862919, 0.7450980392156862919 ) ;
#2665 = SURFACE_SIDE_STYLE ('',( #1756 ) ) ;
#2666 = ORIENTED_EDGE ( 'NONE', *, *, #1080, .F. ) ;
#2667 = ADVANCED_FACE ( 'NONE', ( #617 ), #353, .T. ) ;
#2668 = CARTESIAN_POINT ( 'NONE',  ( -0.5669291338582678197, -0.1574803149606298913, 0.1771653543307089296 ) ) ;
#2669 = LENGTH_MEASURE_WITH_UNIT ( LENGTH_MEASURE( 0.02539999999999999897 ), #865 );
#2670 = ORIENTED_EDGE ( 'NONE', *, *, #1093, .F. ) ;
#2671 = DIRECTION ( 'NONE',  ( 3.469446951953614189E-16, 0.0000000000000000000, -1.000000000000000000 ) ) ;
#2672 = SURFACE_STYLE_USAGE ( .BOTH. , #1557 ) ;
#2673 = PRESENTATION_STYLE_ASSIGNMENT (( #2894 ) ) ;
#2674 = EDGE_LOOP ( 'NONE', ( #2255, #1341, #2356, #773, #44, #117, #1346, #385, #2603, #2816 ) ) ;
#2675 = UNCERTAINTY_MEASURE_WITH_UNIT (LENGTH_MEASURE( 1.000000000000000082E-05 ), #1999, 'distance_accuracy_value', 'NONE');
#2676 = CARTESIAN_POINT ( 'NONE',  ( -0.2755905511811023723, 0.0000000000000000000, 0.0000000000000000000 ) ) ;
#2677 = LINE ( 'NONE', #2517, #1148 ) ;
#2678 = EDGE_LOOP ( 'NONE', ( #434, #1738, #676, #670 ) ) ;
#2679 = PRESENTATION_STYLE_ASSIGNMENT (( #417 ) ) ;
#2680 = SURFACE_STYLE_USAGE ( .BOTH. , #1795 ) ;
#2681 = DIMENSIONAL_EXPONENTS ( 1.000000000000000000, 0.0000000000000000000, 0.0000000000000000000, 0.0000000000000000000, 0.0000000000000000000, 0.0000000000000000000, 0.0000000000000000000 ) ;
#2682 =( NAMED_UNIT ( * ) PLANE_ANGLE_UNIT ( ) SI_UNIT ( $, .RADIAN. ) );
#2683 = CARTESIAN_POINT ( 'NONE',  ( -0.5314960629921260393, 7.231927286352638368E-19, -0.1614173228346456601 ) ) ;
#2684 = DIRECTION ( 'NONE',  ( 0.7808688094430292770, 0.6246950475544255088, 0.0000000000000000000 ) ) ;
#2685 = DIRECTION ( 'NONE',  ( 1.000000000000000000, 0.0000000000000000000, 0.0000000000000000000 ) ) ;
#2686 = ADVANCED_FACE ( 'NONE', ( #2223 ), #2196, .T. ) ;
#2687 = COLOUR_RGB ( '',0.7450980392156862919, 0.7450980392156862919, 0.7450980392156862919 ) ;
#2688 = VERTEX_POINT ( 'NONE', #2457 ) ;
#2689 = VECTOR ( 'NONE', #976, 39.37007874015748143 ) ;
#2690 = CARTESIAN_POINT ( 'NONE',  ( -0.5314960629921260393, 0.0000000000000000000, 0.0000000000000000000 ) ) ;
#2691 = ORIENTED_EDGE ( 'NONE', *, *, #2442, .F. ) ;
#2692 = ADVANCED_FACE ( 'NONE', ( #2703 ), #1368, .T. ) ;
#2693 = STYLED_ITEM ( 'NONE', ( #2237 ), #1481 ) ;
#2694 = DIRECTION ( 'NONE',  ( -0.7071067811865479058, 0.0000000000000000000, 0.7071067811865471286 ) ) ;
#2695 = COLOUR_RGB ( '',0.2509803921568627416, 0.2509803921568627416, 0.2509803921568627416 ) ;
#2696 = DIRECTION ( 'NONE',  ( 0.0000000000000000000, 0.0000000000000000000, -1.000000000000000000 ) ) ;
#2697 = CIRCLE ( 'NONE', #1393, 0.01574803149606299885 ) ;
#2698 = EDGE_CURVE ( 'NONE', #1358, #2941, #699, .T. ) ;
#2699 = SURFACE_STYLE_USAGE ( .BOTH. , #1816 ) ;
#2700 = LINE ( 'NONE', #1590, #2152 ) ;
#2701 = DIMENSIONAL_EXPONENTS ( 1.000000000000000000, 0.0000000000000000000, 0.0000000000000000000, 0.0000000000000000000, 0.0000000000000000000, 0.0000000000000000000, 0.0000000000000000000 ) ;
#2702 = AXIS2_PLACEMENT_3D ( 'NONE', #2690, #673, #554 ) ;
#2703 = FACE_OUTER_BOUND ( 'NONE', #2713, .T. ) ;
#2704 = ORIENTED_EDGE ( 'NONE', *, *, #2222, .F. ) ;
#2705 = EDGE_LOOP ( 'NONE', ( #2937, #569, #2531, #656 ) ) ;
#2706 = DIRECTION ( 'NONE',  ( 1.000000000000000000, 0.0000000000000000000, 0.0000000000000000000 ) ) ;
#2707 = DIRECTION ( 'NONE',  ( 0.0000000000000000000, 1.000000000000000000, 2.365532012695646217E-16 ) ) ;
#2708 = CARTESIAN_POINT ( 'NONE',  ( -0.5669291338582678197, -0.2559055118110236671, 0.1771653543307089296 ) ) ;
#2709 =( BOUNDED_CURVE ( )  B_SPLINE_CURVE ( 3, ( #2258, #194, #1583, #1117 ),
 .UNSPECIFIED., .F., .T. ) 
 B_SPLINE_CURVE_WITH_KNOTS ( ( 4, 4 ),
 ( 1.772154247585227660, 4.511031059594358794 ),
 .UNSPECIFIED. ) 
 CURVE ( )  GEOMETRIC_REPRESENTATION_ITEM ( )  RATIONAL_B_SPLINE_CURVE ( ( 1.000000000000000000, 0.4666666666666667851, 0.4666666666666667851, 1.000000000000000000 ) ) 
 REPRESENTATION_ITEM ( '' )  );
#2710 = EDGE_CURVE ( 'NONE', #2363, #1845, #2253, .T. ) ;
#2711 = FILL_AREA_STYLE ('',( #1357 ) ) ;
#2712 = ORIENTED_EDGE ( 'NONE', *, *, #1064, .T. ) ;
#2713 = EDGE_LOOP ( 'NONE', ( #1407, #2766, #1062, #1995 ) ) ;
#2714 = EDGE_CURVE ( 'NONE', #1264, #1935, #62, .T. ) ;
#2715 = DIRECTION ( 'NONE',  ( 1.000000000000000000, 0.0000000000000000000, 0.0000000000000000000 ) ) ;
#2716 = FACE_OUTER_BOUND ( 'NONE', #702, .T. ) ;
#2717 = DIRECTION ( 'NONE',  ( 0.0000000000000000000, 0.0000000000000000000, -1.000000000000000000 ) ) ;
#2718 = FILL_AREA_STYLE_COLOUR ( '', #587 ) ;
#2719 = ADVANCED_FACE ( 'NONE', ( #200 ), #1127, .F. ) ;
#2720 = SURFACE_STYLE_USAGE ( .BOTH. , #742 ) ;
#2721 = DIRECTION ( 'NONE',  ( 0.0000000000000000000, -1.000000000000000000, -2.891205793294676847E-16 ) ) ;
#2722 = EDGE_LOOP ( 'NONE', ( #448, #2906, #1747, #240 ) ) ;
#2723 = PRODUCT_DEFINITION_CONTEXT ( 'detailed design', #2022, 'design' ) ;
#2724 = EDGE_CURVE ( 'NONE', #253, #1455, #1925, .T. ) ;
#2725 = DIRECTION ( 'NONE',  ( 1.000000000000000000, 0.0000000000000000000, 0.0000000000000000000 ) ) ;
#2726 = VERTEX_POINT ( 'NONE', #26 ) ;
#2727 = CIRCLE ( 'NONE', #1477, 0.04133858267716535029 ) ;
#2728 = DIRECTION ( 'NONE',  ( -0.7808688094430292770, -0.6246950475544255088, 1.806121940531848983E-16 ) ) ;
#2729 = DIMENSIONAL_EXPONENTS ( 1.000000000000000000, 0.0000000000000000000, 0.0000000000000000000, 0.0000000000000000000, 0.0000000000000000000, 0.0000000000000000000, 0.0000000000000000000 ) ;
#2730 = DIRECTION ( 'NONE',  ( 1.000000000000000000, 0.0000000000000000000, 0.0000000000000000000 ) ) ;
#2731 = AXIS2_PLACEMENT_3D ( 'NONE', #2505, #913, #1842 ) ;
#2732 =( GEOMETRIC_REPRESENTATION_CONTEXT ( 3 ) GLOBAL_UNCERTAINTY_ASSIGNED_CONTEXT ( ( #2198 ) ) GLOBAL_UNIT_ASSIGNED_CONTEXT ( ( #1365, #1888, #463 ) ) REPRESENTATION_CONTEXT ( 'NONE', 'WORKASPACE' ) );
#2733 = FACE_OUTER_BOUND ( 'NONE', #2678, .T. ) ;
#2734 = LINE ( 'NONE', #1818, #1146 ) ;
#2735 = MECHANICAL_DESIGN_GEOMETRIC_PRESENTATION_REPRESENTATION (  '', ( #386 ), #1535 ) ;
#2736 =( GEOMETRIC_REPRESENTATION_CONTEXT ( 3 ) GLOBAL_UNCERTAINTY_ASSIGNED_CONTEXT ( ( #1981 ) ) GLOBAL_UNIT_ASSIGNED_CONTEXT ( ( #2918, #1821, #213 ) ) REPRESENTATION_CONTEXT ( 'NONE', 'WORKASPACE' ) );
#2737 =( GEOMETRIC_REPRESENTATION_CONTEXT ( 3 ) GLOBAL_UNCERTAINTY_ASSIGNED_CONTEXT ( ( #92 ) ) GLOBAL_UNIT_ASSIGNED_CONTEXT ( ( #211, #198, #726 ) ) REPRESENTATION_CONTEXT ( 'NONE', 'WORKASPACE' ) );
#2738 = FILL_AREA_STYLE_COLOUR ( '', #1195 ) ;
#2739 = FILL_AREA_STYLE_COLOUR ( '', #900 ) ;
#2740 = SURFACE_SIDE_STYLE ('',( #2333 ) ) ;
#2741 = VERTEX_POINT ( 'NONE', #2315 ) ;
#2742 = STYLED_ITEM ( 'NONE', ( #1142 ), #2692 ) ;
#2743 = VECTOR ( 'NONE', #2730, 39.37007874015748143 ) ;
#2744 = CARTESIAN_POINT ( 'NONE',  ( -0.5314960629921260393, 0.06692913385826773642, 0.05905511811023622659 ) ) ;
#2745 = ORIENTED_EDGE ( 'NONE', *, *, #2131, .F. ) ;
#2746 = EDGE_CURVE ( 'NONE', #1132, #2606, #1187, .T. ) ;
#2747 = FILL_AREA_STYLE ('',( #949 ) ) ;
#2748 = CARTESIAN_POINT ( 'NONE',  ( -0.5314960629921260393, -0.1574803149606298913, 0.05905511811023622659 ) ) ;
#2749 = FILL_AREA_STYLE_COLOUR ( '', #2206 ) ;
#2750 = CARTESIAN_POINT ( 'NONE',  ( -0.5472440944881890035, 0.08267716535433072833, 0.05905511811023622659 ) ) ;
#2751 = DIMENSIONAL_EXPONENTS ( 1.000000000000000000, 0.0000000000000000000, 0.0000000000000000000, 0.0000000000000000000, 0.0000000000000000000, 0.0000000000000000000, 0.0000000000000000000 ) ;
#2752 = SURFACE_STYLE_USAGE ( .BOTH. , #454 ) ;
#2753 = FILL_AREA_STYLE_COLOUR ( '', #2664 ) ;
#2754 = ORIENTED_EDGE ( 'NONE', *, *, #2555, .T. ) ;
#2755 = UNCERTAINTY_MEASURE_WITH_UNIT (LENGTH_MEASURE( 1.000000000000000082E-05 ), #551, 'distance_accuracy_value', 'NONE');
#2756 = SURFACE_STYLE_USAGE ( .BOTH. , #2127 ) ;
#2757 = LINE ( 'NONE', #747, #2564 ) ;
#2758 = ORIENTED_EDGE ( 'NONE', *, *, #2746, .T. ) ;
#2759 = ADVANCED_FACE ( 'NONE', ( #986 ), #2143, .T. ) ;
#2760 = SURFACE_STYLE_USAGE ( .BOTH. , #1883 ) ;
#2761 = DIRECTION ( 'NONE',  ( 0.7808688094430292770, 0.6246950475544255088, -1.806121940531848983E-16 ) ) ;
#2762 = LENGTH_MEASURE_WITH_UNIT ( LENGTH_MEASURE( 0.02539999999999999897 ), #788 );
#2763 = CARTESIAN_POINT ( 'NONE',  ( -0.2125984251968503769, -0.2559055118110236671, -0.04921259842519686012 ) ) ;
#2764 = CARTESIAN_POINT ( 'NONE',  ( 0.0000000000000000000, 0.1771653543307086798, -0.1771653543307086243 ) ) ;
#2765 = ADVANCED_FACE ( 'NONE', ( #1637 ), #1221, .T. ) ;
#2766 = ORIENTED_EDGE ( 'NONE', *, *, #875, .T. ) ;
#2767 = CARTESIAN_POINT ( 'NONE',  ( -0.3346456692913385433, -0.3543307086614174151, 0.04821830202329090154 ) ) ;
#2768 = LINE ( 'NONE', #2549, #2335 ) ;
#2769 = CARTESIAN_POINT ( 'NONE',  ( -0.03937007874015747977, 0.1771653543307086243, 0.1771653543307084022 ) ) ;
#2770 =( NAMED_UNIT ( * ) SI_UNIT ( $, .STERADIAN. ) SOLID_ANGLE_UNIT ( ) );
#2771 =( NAMED_UNIT ( * ) SI_UNIT ( $, .STERADIAN. ) SOLID_ANGLE_UNIT ( ) );
#2772 = ORIENTED_EDGE ( 'NONE', *, *, #139, .T. ) ;
#2773 = DIMENSIONAL_EXPONENTS ( 1.000000000000000000, 0.0000000000000000000, 0.0000000000000000000, 0.0000000000000000000, 0.0000000000000000000, 0.0000000000000000000, 0.0000000000000000000 ) ;
#2774 = SURFACE_STYLE_FILL_AREA ( #32 ) ;
#2775 = DIRECTION ( 'NONE',  ( 0.7808688094430291660, -0.6246950475544255088, 0.0000000000000000000 ) ) ;
#2776 = VERTEX_POINT ( 'NONE', #2032 ) ;
#2777 = FILL_AREA_STYLE_COLOUR ( '', #668 ) ;
#2778 = CARTESIAN_POINT ( 'NONE',  ( -0.4857391518583076828, -0.3518712793403370176, -0.05648703686204290669 ) ) ;
#2779 = ORIENTED_EDGE ( 'NONE', *, *, #453, .T. ) ;
#2780 =( CONVERSION_BASED_UNIT ( 'INCH', #1900 ) LENGTH_UNIT ( ) NAMED_UNIT ( #2133 ) );
#2781 = VERTEX_POINT ( 'NONE', #168 ) ;
#2782 = EDGE_CURVE ( 'NONE', #283, #2224, #870, .T. ) ;
#2783 = STYLED_ITEM ( 'NONE', ( #1047 ), #1463 ) ;
#2784 = SURFACE_STYLE_FILL_AREA ( #1458 ) ;
#2785 = MECHANICAL_DESIGN_GEOMETRIC_PRESENTATION_REPRESENTATION (  '', ( #857 ), #18 ) ;
#2786 = FILL_AREA_STYLE ('',( #939 ) ) ;
#2787 = VERTEX_POINT ( 'NONE', #894 ) ;
#2788 = UNCERTAINTY_MEASURE_WITH_UNIT (LENGTH_MEASURE( 1.000000000000000082E-05 ), #2187, 'distance_accuracy_value', 'NONE');
#2789 =( GEOMETRIC_REPRESENTATION_CONTEXT ( 3 ) GLOBAL_UNCERTAINTY_ASSIGNED_CONTEXT ( ( #1511 ) ) GLOBAL_UNIT_ASSIGNED_CONTEXT ( ( #1517, #158, #2023 ) ) REPRESENTATION_CONTEXT ( 'NONE', 'WORKASPACE' ) );
#2790 = DIRECTION ( 'NONE',  ( 0.0000000000000000000, 0.0000000000000000000, -1.000000000000000000 ) ) ;
#2791 = ORIENTED_EDGE ( 'NONE', *, *, #1559, .F. ) ;
#2792 =( GEOMETRIC_REPRESENTATION_CONTEXT ( 3 ) GLOBAL_UNCERTAINTY_ASSIGNED_CONTEXT ( ( #2476 ) ) GLOBAL_UNIT_ASSIGNED_CONTEXT ( ( #2846, #108, #2402 ) ) REPRESENTATION_CONTEXT ( 'NONE', 'WORKASPACE' ) );
#2793 = DIRECTION ( 'NONE',  ( 0.0000000000000000000, 3.444205370125740490E-17, -1.000000000000000000 ) ) ;
#2794 = FILL_AREA_STYLE ('',( #2321 ) ) ;
#2795 = FILL_AREA_STYLE ('',( #37 ) ) ;
#2796 = CARTESIAN_POINT ( 'NONE',  ( -0.2975766571015471262, -0.4258761244397310519, -0.03742599896340877141 ) ) ;
#2797 = ORIENTED_EDGE ( 'NONE', *, *, #750, .F. ) ;
#2798 = FACE_OUTER_BOUND ( 'NONE', #467, .T. ) ;
#2799 = DIRECTION ( 'NONE',  ( 0.0000000000000000000, -1.000000000000000000, -2.891205793294684736E-16 ) ) ;
#2800 = LINE ( 'NONE', #2632, #2605 ) ;
#2801 = PLANE ( 'NONE',  #2092 ) ;
#2802 = PRESENTATION_STYLE_ASSIGNMENT (( #60 ) ) ;
#2803 = VERTEX_POINT ( 'NONE', #157 ) ;
#2804 = PRODUCT_DEFINITION_SHAPE ( 'NONE', 'NONE',  #1110 ) ;
#2805 = ORIENTED_EDGE ( 'NONE', *, *, #1080, .T. ) ;
#2806 =( CONVERSION_BASED_UNIT ( 'INCH', #1482 ) LENGTH_UNIT ( ) NAMED_UNIT ( #1617 ) );
#2807 =( NAMED_UNIT ( * ) SI_UNIT ( $, .STERADIAN. ) SOLID_ANGLE_UNIT ( ) );
#2808 = DIRECTION ( 'NONE',  ( 1.000000000000000000, 0.0000000000000000000, 0.0000000000000000000 ) ) ;
#2809 = ORIENTED_EDGE ( 'NONE', *, *, #2199, .F. ) ;
#2810 = CARTESIAN_POINT ( 'NONE',  ( -0.2952755905511810774, -0.2559055118110236671, -0.04921259842519686012 ) ) ;
#2811 = FILL_AREA_STYLE_COLOUR ( '', #1297 ) ;
#2812 = SURFACE_SIDE_STYLE ('',( #78 ) ) ;
#2813 = FACE_OUTER_BOUND ( 'NONE', #293, .T. ) ;
#2814 = DIRECTION ( 'NONE',  ( 0.0000000000000000000, 0.0000000000000000000, -1.000000000000000000 ) ) ;
#2815 = ORIENTED_EDGE ( 'NONE', *, *, #190, .T. ) ;
#2816 = ORIENTED_EDGE ( 'NONE', *, *, #2856, .F. ) ;
#2817 = UNCERTAINTY_MEASURE_WITH_UNIT (LENGTH_MEASURE( 1.000000000000000082E-05 ), #1551, 'distance_accuracy_value', 'NONE');
#2818 = EDGE_CURVE ( 'NONE', #52, #2876, #2444, .T. ) ;
#2819 = DIRECTION ( 'NONE',  ( -0.0000000000000000000, -0.0000000000000000000, -1.000000000000000000 ) ) ;
#2820 = DIRECTION ( 'NONE',  ( 0.0000000000000000000, 1.927470528863119049E-16, -1.000000000000000000 ) ) ;
#2821 = CARTESIAN_POINT ( 'NONE',  ( -0.5314960629921260393, -0.1574803149606298913, 0.1771653543307089296 ) ) ;
#2822 = VERTEX_POINT ( 'NONE', #2642 ) ;
#2823 = SURFACE_STYLE_USAGE ( .BOTH. , #2136 ) ;
#2824 = VERTEX_POINT ( 'NONE', #440 ) ;
#2825 =( GEOMETRIC_REPRESENTATION_CONTEXT ( 3 ) GLOBAL_UNCERTAINTY_ASSIGNED_CONTEXT ( ( #1271 ) ) GLOBAL_UNIT_ASSIGNED_CONTEXT ( ( #430, #24, #298 ) ) REPRESENTATION_CONTEXT ( 'NONE', 'WORKASPACE' ) );
#2826 = CARTESIAN_POINT ( 'NONE',  ( -0.2952755905511810774, -0.2559055118110236671, 0.04921259842519686012 ) ) ;
#2827 = CARTESIAN_POINT ( 'NONE',  ( -0.2755905511811023723, 0.0000000000000000000, -0.1279527559055118335 ) ) ;
#2828 = MECHANICAL_DESIGN_GEOMETRIC_PRESENTATION_REPRESENTATION (  '', ( #2550 ), #131 ) ;
#2829 = VECTOR ( 'NONE', #1436, 39.37007874015748143 ) ;
#2830 = ORIENTED_EDGE ( 'NONE', *, *, #1901, .T. ) ;
#2831 = COLOUR_RGB ( '',0.2509803921568627416, 0.2509803921568627416, 0.2509803921568627416 ) ;
#2832 = SURFACE_SIDE_STYLE ('',( #1951 ) ) ;
#2833 = ORIENTED_EDGE ( 'NONE', *, *, #1266, .F. ) ;
#2834 = VECTOR ( 'NONE', #1657, 39.37007874015748143 ) ;
#2835 = VECTOR ( 'NONE', #1674, 39.37007874015748143 ) ;
#2836 = DIRECTION ( 'NONE',  ( 0.0000000000000000000, 0.0000000000000000000, 1.000000000000000000 ) ) ;
#2837 = EDGE_CURVE ( 'NONE', #1470, #915, #1547, .T. ) ;
#2838 = DIRECTION ( 'NONE',  ( 1.000000000000000000, 0.0000000000000000000, 0.0000000000000000000 ) ) ;
#2839 = VERTEX_POINT ( 'NONE', #1092 ) ;
#2840 = MECHANICAL_DESIGN_GEOMETRIC_PRESENTATION_REPRESENTATION (  '', ( #1202 ), #730 ) ;
#2841 = CARTESIAN_POINT ( 'NONE',  ( -0.3567805331810624536, -0.3518712793403370176, 0.04865562475641743712 ) ) ;
#2842 = MECHANICAL_DESIGN_GEOMETRIC_PRESENTATION_REPRESENTATION (  '', ( #2398 ), #1921 ) ;
#2843 = CARTESIAN_POINT ( 'NONE',  ( -0.4857391518583076828, -0.3518712793403370176, 0.05648703686204293445 ) ) ;
#2844 = DIRECTION ( 'NONE',  ( 0.0000000000000000000, 1.000000000000000000, 2.891205793294676847E-16 ) ) ;
#2845 = VERTEX_POINT ( 'NONE', #871 ) ;
#2846 =( CONVERSION_BASED_UNIT ( 'INCH', #412 ) LENGTH_UNIT ( ) NAMED_UNIT ( #1412 ) );
#2847 = ORIENTED_EDGE ( 'NONE', *, *, #1504, .F. ) ;
#2848 = UNCERTAINTY_MEASURE_WITH_UNIT (LENGTH_MEASURE( 1.000000000000000082E-05 ), #2104, 'distance_accuracy_value', 'NONE');
#2849 = SURFACE_SIDE_STYLE ('',( #864 ) ) ;
#2850 =( LENGTH_UNIT ( ) NAMED_UNIT ( * ) SI_UNIT ( $, .METRE. ) );
#2851 = VERTEX_POINT ( 'NONE', #1987 ) ;
#2852 = EDGE_CURVE ( 'NONE', #1235, #1560, #1333, .T. ) ;
#2853 =( CONVERSION_BASED_UNIT ( 'INCH', #359 ) LENGTH_UNIT ( ) NAMED_UNIT ( #1846 ) );
#2854 = PRESENTATION_STYLE_ASSIGNMENT (( #641 ) ) ;
#2855 = CARTESIAN_POINT ( 'NONE',  ( -0.4857391518583076828, -0.3518712793403370176, -0.05648703686204290669 ) ) ;
#2856 = EDGE_CURVE ( 'NONE', #2101, #1147, #1157, .T. ) ;
#2857 = LINE ( 'NONE', #2631, #1724 ) ;
#2858 = CARTESIAN_POINT ( 'NONE',  ( -0.3567805331810624536, -0.3518712793403370176, 0.05905511811023622659 ) ) ;
#2859 =( NAMED_UNIT ( * ) SI_UNIT ( $, .STERADIAN. ) SOLID_ANGLE_UNIT ( ) );
#2860 = LENGTH_MEASURE_WITH_UNIT ( LENGTH_MEASURE( 0.02539999999999999897 ), #1027 );
#2861 = EDGE_LOOP ( 'NONE', ( #1222, #176, #2370, #2259 ) ) ;
#2862 =( NAMED_UNIT ( * ) SI_UNIT ( $, .STERADIAN. ) SOLID_ANGLE_UNIT ( ) );
#2863 = DIRECTION ( 'NONE',  ( -1.084202172485506406E-15, 0.0000000000000000000, 1.000000000000000000 ) ) ;
#2864 = ORIENTED_EDGE ( 'NONE', *, *, #2818, .F. ) ;
#2865 = DIRECTION ( 'NONE',  ( 1.000000000000000000, 0.0000000000000000000, 0.0000000000000000000 ) ) ;
#2866 = PLANE ( 'NONE',  #12 ) ;
#2867 =( NAMED_UNIT ( * ) SI_UNIT ( $, .STERADIAN. ) SOLID_ANGLE_UNIT ( ) );
#2868 = EDGE_CURVE ( 'NONE', #1, #2463, #1531, .T. ) ;
#2869 = DIRECTION ( 'NONE',  ( 0.0000000000000000000, 3.444205370125730629E-17, 1.000000000000000000 ) ) ;
#2870 = FILL_AREA_STYLE ('',( #1548 ) ) ;
#2871 =( LENGTH_UNIT ( ) NAMED_UNIT ( * ) SI_UNIT ( $, .METRE. ) );
#2872 = ADVANCED_FACE ( 'NONE', ( #2433 ), #1292, .T. ) ;
#2873 = VECTOR ( 'NONE', #890, 39.37007874015748143 ) ;
#2874 = STYLED_ITEM ( 'NONE', ( #268 ), #304 ) ;
#2875 = FILL_AREA_STYLE_COLOUR ( '', #1539 ) ;
#2876 = VERTEX_POINT ( 'NONE', #495 ) ;
#2877 = UNCERTAINTY_MEASURE_WITH_UNIT (LENGTH_MEASURE( 1.000000000000000082E-05 ), #1745, 'distance_accuracy_value', 'NONE');
#2878 = PRESENTATION_LAYER_ASSIGNMENT (  '', '', ( #1997 ) ) ;
#2879 = LINE ( 'NONE', #593, #1527 ) ;
#2880 = FILL_AREA_STYLE ('',( #834 ) ) ;
#2881 = AXIS2_PLACEMENT_3D ( 'NONE', #1321, #2230, #1782 ) ;
#2882 = MECHANICAL_DESIGN_GEOMETRIC_PRESENTATION_REPRESENTATION (  '', ( #1247 ), #1625 ) ;
#2883 = VERTEX_POINT ( 'NONE', #1601 ) ;
#2884 =( GEOMETRIC_REPRESENTATION_CONTEXT ( 3 ) GLOBAL_UNCERTAINTY_ASSIGNED_CONTEXT ( ( #367 ) ) GLOBAL_UNIT_ASSIGNED_CONTEXT ( ( #1932, #1679, #793 ) ) REPRESENTATION_CONTEXT ( 'NONE', 'WORKASPACE' ) );
#2885 = CARTESIAN_POINT ( 'NONE',  ( -0.2952755905511810774, -0.2559055118110236671, 0.05905511811023622659 ) ) ;
#2886 = CARTESIAN_POINT ( 'NONE',  ( -0.4704724409448819422, -0.2559055118110236671, -0.1771653543307087630 ) ) ;
#2887 = FILL_AREA_STYLE_COLOUR ( '', #1258 ) ;
#2888 = AXIS2_PLACEMENT_3D ( 'NONE', #2581, #323, #1885 ) ;
#2889 = VECTOR ( 'NONE', #2487, 39.37007874015748143 ) ;
#2890 = PLANE ( 'NONE',  #2429 ) ;
#2891 = FACE_OUTER_BOUND ( 'NONE', #2495, .T. ) ;
#2892 = AXIS2_PLACEMENT_3D ( 'NONE', #2523, #680, #2717 ) ;
#2893 = EDGE_CURVE ( 'NONE', #688, #2567, #1588, .T. ) ;
#2894 = SURFACE_STYLE_USAGE ( .BOTH. , #1787 ) ;
#2895 = VERTEX_POINT ( 'NONE', #2064 ) ;
#2896 = FILL_AREA_STYLE ('',( #259 ) ) ;
#2897 = ORIENTED_EDGE ( 'NONE', *, *, #1043, .T. ) ;
#2898 = DIRECTION ( 'NONE',  ( 0.0000000000000000000, -1.000000000000000000, 0.0000000000000000000 ) ) ;
#2899 =( CONVERSION_BASED_UNIT ( 'INCH', #1374 ) LENGTH_UNIT ( ) NAMED_UNIT ( #207 ) );
#2900 =( CONVERSION_BASED_UNIT ( 'INCH', #1351 ) LENGTH_UNIT ( ) NAMED_UNIT ( #317 ) );
#2901 = EDGE_CURVE ( 'NONE', #998, #915, #2254, .T. ) ;
#2902 =( LENGTH_UNIT ( ) NAMED_UNIT ( * ) SI_UNIT ( $, .METRE. ) );
#2903 = DIRECTION ( 'NONE',  ( -0.0000000000000000000, -0.0000000000000000000, -1.000000000000000000 ) ) ;
#2904 = FACE_OUTER_BOUND ( 'NONE', #2925, .T. ) ;
#2905 = DIMENSIONAL_EXPONENTS ( 1.000000000000000000, 0.0000000000000000000, 0.0000000000000000000, 0.0000000000000000000, 0.0000000000000000000, 0.0000000000000000000, 0.0000000000000000000 ) ;
#2906 = ORIENTED_EDGE ( 'NONE', *, *, #2194, .T. ) ;
#2907 = UNCERTAINTY_MEASURE_WITH_UNIT (LENGTH_MEASURE( 1.000000000000000082E-05 ), #2000, 'distance_accuracy_value', 'NONE');
#2908 = ADVANCED_FACE ( 'NONE', ( #2311, #244 ), #228, .T. ) ;
#2909 =( LENGTH_UNIT ( ) NAMED_UNIT ( * ) SI_UNIT ( $, .METRE. ) );
#2910 = SURFACE_STYLE_USAGE ( .BOTH. , #902 ) ;
#2911 = ORIENTED_EDGE ( 'NONE', *, *, #1398, .T. ) ;
#2912 = ADVANCED_FACE ( 'NONE', ( #2945, #2047 ), #921, .F. ) ;
#2913 = DIRECTION ( 'NONE',  ( 0.0000000000000000000, 0.0000000000000000000, -1.000000000000000000 ) ) ;
#2914 = LINE ( 'NONE', #706, #1765 ) ;
#2915 =( LENGTH_UNIT ( ) NAMED_UNIT ( * ) SI_UNIT ( $, .METRE. ) );
#2916 = PRESENTATION_STYLE_ASSIGNMENT (( #2033 ) ) ;
#2917 = LENGTH_MEASURE_WITH_UNIT ( LENGTH_MEASURE( 0.02539999999999999897 ), #464 );
#2918 =( CONVERSION_BASED_UNIT ( 'INCH', #2037 ) LENGTH_UNIT ( ) NAMED_UNIT ( #1832 ) );
#2919 = DIRECTION ( 'NONE',  ( 0.0000000000000000000, 1.000000000000000000, 9.637352644315595243E-17 ) ) ;
#2920 =( GEOMETRIC_REPRESENTATION_CONTEXT ( 3 ) GLOBAL_UNCERTAINTY_ASSIGNED_CONTEXT ( ( #786 ) ) GLOBAL_UNIT_ASSIGNED_CONTEXT ( ( #1348, #907, #1828 ) ) REPRESENTATION_CONTEXT ( 'NONE', 'WORKASPACE' ) );
#2921 = ORIENTED_EDGE ( 'NONE', *, *, #1093, .T. ) ;
#2922 = DIMENSIONAL_EXPONENTS ( 1.000000000000000000, 0.0000000000000000000, 0.0000000000000000000, 0.0000000000000000000, 0.0000000000000000000, 0.0000000000000000000, 0.0000000000000000000 ) ;
#2923 = VECTOR ( 'NONE', #1689, 39.37007874015748143 ) ;
#2924 = DIRECTION ( 'NONE',  ( -1.000000000000000000, 0.0000000000000000000, 0.0000000000000000000 ) ) ;
#2925 = EDGE_LOOP ( 'NONE', ( #547, #1175, #1044, #958, #2578, #1564, #567, #2173 ) ) ;
#2926 = VECTOR ( 'NONE', #372, 39.37007874015748143 ) ;
#2927 = VECTOR ( 'NONE', #1988, 39.37007874015748143 ) ;
#2928 = EDGE_CURVE ( 'NONE', #785, #1475, #2371, .T. ) ;
#2929 = VECTOR ( 'NONE', #248, 39.37007874015748143 ) ;
#2930 = AXIS2_PLACEMENT_3D ( 'NONE', #545, #2105, #1226 ) ;
#2931 = PRESENTATION_LAYER_ASSIGNMENT (  '', '', ( #2509 ) ) ;
#2932 = STYLED_ITEM ( 'NONE', ( #141 ), #1268 ) ;
#2933 = CARTESIAN_POINT ( 'NONE',  ( -0.2755905511811023723, 0.0000000000000000000, 0.0000000000000000000 ) ) ;
#2934 = PRESENTATION_STYLE_ASSIGNMENT (( #923 ) ) ;
#2935 = PRESENTATION_STYLE_ASSIGNMENT (( #2720 ) ) ;
#2936 = CARTESIAN_POINT ( 'NONE',  ( -0.3264784046652713378, -0.3477968969605635396, 0.04921259842519682542 ) ) ;
#2937 = ORIENTED_EDGE ( 'NONE', *, *, #2442, .T. ) ;
#2938 = UNCERTAINTY_MEASURE_WITH_UNIT (LENGTH_MEASURE( 1.000000000000000082E-05 ), #2535, 'distance_accuracy_value', 'NONE');
#2939 = STYLED_ITEM ( 'NONE', ( #1943 ), #1319 ) ;
#2940 = FACE_BOUND ( 'NONE', #1262, .T. ) ;
#2941 = VERTEX_POINT ( 'NONE', #2764 ) ;
#2942 = CARTESIAN_POINT ( 'NONE',  ( -0.3720472440944881942, -0.3444881889763780070, -0.1929133858267720325 ) ) ;
#2943 =( NAMED_UNIT ( * ) SI_UNIT ( $, .STERADIAN. ) SOLID_ANGLE_UNIT ( ) );
#2944 = CARTESIAN_POINT ( 'NONE',  ( -0.09842519685039370636, 0.1102362204724409572, -0.1181102362204721895 ) ) ;
#2945 = FACE_BOUND ( 'NONE', #2239, .T. ) ;
#2946 = ADVANCED_FACE ( 'NONE', ( #2357 ), #345, .F. ) ;
#2947 = CARTESIAN_POINT ( 'NONE',  ( -0.2952755905511810774, -0.3228346456692913202, 0.04921259842519684624 ) ) ;
#2948 = PRESENTATION_STYLE_ASSIGNMENT (( #2752 ) ) ;
#2949 = CARTESIAN_POINT ( 'NONE',  ( -0.3917322834645668994, -0.3444881889763780070, -0.1771653543307083745 ) ) ;
#2950 = SURFACE_STYLE_FILL_AREA ( #914 ) ;
#2951 = ORIENTED_EDGE ( 'NONE', *, *, #286, .T. ) ;
ENDSEC;
END-ISO-10303-21;
